xyz_path,filename,smiles,error,flp_id,energy_Eh,homo_eV,lumo_eV,gap_eV
data\raw\xyz\1\1CO2.xyz,1CO2.xyz,c1(c(c(c(c(c1P(c1c(cc(cc1C)C)C)c1c(cc(cc1C)C)C)F)F)B(c1c(c(c(c(c1F)F)F)F)F)c1c(c(c(c(c1F)F)F)F)F)F)F.O=C=O,,1,-168.58002978,-10.2244,-9.4874,0.73702972
data\raw\xyz\10\10CO2.xyz,10CO2.xyz,c12ccccc1[N]1(C(CCCC1(C)C)(C)C)C(=O)O[BH2]2,,10,-58.82593927,-9.6809,-6.1072,3.57364202
data\raw\xyz\103\103CO2.xyz,103CO2.xyz,P1(c2cccc3cccc(B(c4c(cc(cc4C)C)C)OC1=O)c23)c1c(cc(cc1C)C)C,,103,-88.31430026,-9.8979,-7.7048,2.1931319
data\raw\xyz\104\104CO2.xyz,104CO2.xyz,P1(c2cccc3cccc(B(c4c(cccc4C)C)OC1=O)c23)c1c(cccc1C)C,,104,-81.97226177,-9.9944,-7.7918,2.20262381
data\raw\xyz\105\105CO2.xyz,105CO2.xyz,[P]1(c2c3c([B](c4c(cc(cc4C)C)C)(c4c(cc(cc4C)C)C)OC1=O)cccc3ccc2)(C(C)C)C(C)C,,105,-108.26762248,-9.3024,-7.5483,1.75410622
data\raw\xyz\106\106CO2.xyz,106CO2.xyz,c12cccc3cccc(c13)[B](C1CCCCC1)(C1CCCCC1)OC(=O)[P]2(C(C)C)C(C)C,,106,-95.45514767,-9.3277,-7.4642,1.86352766
data\raw\xyz\107\107CO2.xyz,107CO2.xyz,c12cccc3cccc(c13)[B]1(c3ccccc3-c3ccccc13)OC(=O)[P]2(C(C)C)C(C)C,,107,-88.26036627,-9.3938,-7.5918,1.80201781
data\raw\xyz\108\108CO2.xyz,108CO2.xyz,[B]1(c2c3c(cccc3ccc2)[P](c2ccccc2)(c2ccccc2)C(=O)O1)(c1c(cc(cc1C)C)C)c1c(cc(cc1C)C)C,,108,-119.05611595,-9.2966,-7.6842,1.61233103
data\raw\xyz\109\109CO2.xyz,109CO2.xyz,[B]1(c2c3c(ccc4c3c(cc2)CC4)[P](c2ccccc2)(c2ccccc2)C(=O)O1)(c1c(cc(cc1C)C)C)c1c(cc(cc1C)C)C,,109,-124.37457507,-9.2207,-7.5189,1.70181216
data\raw\xyz\11\11CO2.xyz,11CO2.xyz,c12ccccc1[N]1(C(CCCC1(C)C)(C)C)C(=O)O[B]2(Cl)Cl,,11,-66.98136077,-10.2697,-6.9121,3.35761287
data\raw\xyz\111\111CO2.xyz,111CO2.xyz,[P]1(c2ccccc2)(c2c3-c4c(cccc4-c3ccc2)[B](c2c(cc(cc2C)C)C)(c2c(cc(cc2C)C)C)OC1=O)c1ccccc1,,111,-123.27770943,-9.1705,-7.4884,1.68218533
data\raw\xyz\112\112CO2.xyz,112CO2.xyz,[P]1(c2cccc3-c4cccc(c4-c23)[B](c2c(F)c(F)c(F)c(F)c2F)(c2c(F)c(F)c(F)c(F)c2F)OC1=O)(c1c(cc(cc1C)C)C)c1c(cc(cc1C)C)C,,112,-165.53939066,-10.4229,-7.7836,2.63935106
data\raw\xyz\113\113CO2.xyz,113CO2.xyz,[P]1(c2ccccc2[B](c2c(cc(cc2C)C)C)(c2c(cc(cc2C)C)C)OC1=O)(C1CCCCC1)C1CCCCC1,,113,-115.67548631,-9.4268,-6.9524,2.47442382
data\raw\xyz\114\114CO2.xyz,114CO2.xyz,[B]1([C@H]2[C@H]([N]3(CCCCC3)C(=O)O1)CCC2)(c1c(F)c(F)c(F)c(F)c1F)c1c(F)c(F)c(F)c(F)c1F,,114,-118.0854359,-11.4567,-7.4958,3.96088182
data\raw\xyz\115\115CO2.xyz,115CO2.xyz,c1cc2c(cc1)[N](C)(C)C(=O)O[BH2]2,,115,,,,
data\raw\xyz\12\12CO2.xyz,12CO2.xyz,c12ccccc1[N]1(C(CCCC1(C)C)(C)C)C(=O)O[B@H]2Cl,,12,-62.90800424,-9.734,-6.5619,3.17207318
data\raw\xyz\120\120CO2.xyz,120CO2.xyz,N1(CCCB(c2c(F)c(F)c(F)c(F)c2F)c2c(F)c(F)c(F)c(F)c2F)C(CCCC1(C)C)(C)C.O=C=O,,120,-125.40046122,-9.5141,-9.155,0.35913818
data\raw\xyz\122\122CO2.xyz,122CO2.xyz,[P]1(c2c([B](OC)(OC)OC1=O)cccc2)(c1ccccc1)c1ccccc1,,122,-75.22662193,-9.9632,-7.3928,2.57037225
data\raw\xyz\123\123CO2.xyz,123CO2.xyz,P(c1c(B2OC(C(O2)(C)C)(C)C)cccc1)(c1ccccc1)c1ccccc1.O=C=O,,123,-86.92368163,-9.6667,-6.6519,3.01473139
data\raw\xyz\124\124CO2.xyz,124CO2.xyz,P(c1c(B2OCC(CO2)(C)C)cccc1)(c1ccccc1)c1ccccc1.O=C=O,,124,-83.75225455,-9.691,-6.5292,3.1617825
data\raw\xyz\125\125CO2.xyz,125CO2.xyz,[P]1(c2c([B](OC)(OC)OC1=O)cccc2)(C(C)C)C(C)C,,125,-64.44565157,-9.7065,-6.9686,2.7379536
data\raw\xyz\126\126CO2.xyz,126CO2.xyz,P(c1c(b2oc3c(o2)cccc3)cccc1)(C(C)C)C(C)C.O=C=O,,126,-72.04269596,-9.6537,-6.8398,2.81397766
data\raw\xyz\127\127CO2.xyz,127CO2.xyz,[P]1(c2c([B]3(OC(C(O3)(C)C)(C)C)OC1=O)cccc2)(C(C)C)C(C)C,,127,-76.11868036,-9.7874,-6.9591,2.82826295
data\raw\xyz\129\129CO2.xyz,129CO2.xyz,Cc1cc(C)cc(c1[B]1(c2c(C)cc(C)cc2C)c2c([N](C)(C)C(=O)O1)cccc2)C,,129,-86.45578195,-9.5014,-6.5018,2.99962393
data\raw\xyz\13\13CO2.xyz,13CO2.xyz,c12ccccc1[N]1(C(CCCC1(C)C)(C)C)C(=O)O[B@]2(c1c(F)c(F)c(F)c(F)c1F)Cl,,13,-98.88722406,-10.3451,-7.289,3.05608348
data\raw\xyz\130\130CO2.xyz,130CO2.xyz,Cc1cc(C)c(C)cc1B(c1c(C)cc(C)c(C)c1)c1c(N(C)C)cccc1.O=C=O,,130,-86.46042821,-9.3564,-7.0983,2.25817196
data\raw\xyz\131\131CO2.xyz,131CO2.xyz,[P]1(CC(=CC[B](c2c(F)c(F)c(F)c(F)c2F)(c2c(c(c(c(c2F)F)F)F)F)OC1=O)C)(c1c(cc(cc1C)C)C)c1c(cc(cc1C)C)C,,131,-151.58979968,-10.4179,-7.7148,2.70308773
data\raw\xyz\132\132CO2.xyz,132CO2.xyz,[P]1(CC(=CC[B](c2c(F)c(F)c(F)c(F)c2F)(c2c(c(c(c(c2F)F)F)F)F)OC1=O)C)(C(C)(C)C)C(C)(C)C,,132,-128.12623782,-10.5791,-7.6241,2.95498298
data\raw\xyz\133\133CO2.xyz,133CO2.xyz,[P]1(CC(=CC[B](c2c(F)c(F)c(F)c(F)c2F)(c2c(c(c(c(c2F)F)F)F)F)OC1=O)C)(c1ccccc1)c1ccccc1,,133,-132.57559834,-10.8233,-7.8842,2.93909041
data\raw\xyz\134\134CO2.xyz,134CO2.xyz,[B]1(C[C]2C=CC=C(C)N2C(=O)O1)(c1c(c(c(c(c1F)F)F)F)F)c1c(c(c(c(c1F)F)F)F)F,,134,-106.53915503,-11.7984,-9.295,2.50335142
data\raw\xyz\135\135CO2.xyz,135CO2.xyz,[B]1(C[C]2C=CC=CN2C(=O)O1)(c1c(c(c(c(c1F)F)F)F)F)c1c(c(c(c(c1F)F)F)F)F,,135,-103.36489998,-11.8337,-9.5749,2.25877295
data\raw\xyz\136\136CO2.xyz,136CO2.xyz,[B]1(C[C]2C=C(C=C(C)N2C(=O)O1)N(C)C)(c1c(c(c(c(c1F)F)F)F)F)c1c(c(c(c(c1F)F)F)F)F,,136,-116.32579429,-11.3705,-8.339,3.03154801
data\raw\xyz\137\137CO2.xyz,137CO2.xyz,[B]1(C[C]2C=C(C=C(C)N2C(=O)O1)N1CCCCC1)(c1c(c(c(c(c1F)F)F)F)F)c1c(c(c(c(c1F)F)F)F)F,,137,-124.81097142,-11.2901,-8.3057,2.98434312
data\raw\xyz\138\138CO2.xyz,138CO2.xyz,[B]1(c2c(c(c(c(c2F)F)F)F)F)(c2c(c(c(c(c2F)F)F)F)F)CCCC[C]2C=CC=C(C)N2C(=O)O1,,138,-116.01396736,-10.7858,-9.3586,1.42724637
data\raw\xyz\139\139CO2.xyz,139CO2.xyz,B(c1c(c(c(c(c1F)F)F)F)F)(c1c(c(c(c(c1F)F)F)F)F)CCCCC1=[N]=C([CH]C=C1)C(C)(C)C.O=C=O,,139,-125.48183011,-9.9434,-9.3702,0.57322763
data\raw\xyz\14\14CO2.xyz,14CO2.xyz,c12ccccc1[N](C)(C)C(=O)O[B@@H]2c1c(F)c(F)c(F)c(F)c1F,,14,-73.69330396,-11.0147,-7.1472,3.86749724
data\raw\xyz\140\140CO2.xyz,140CO2.xyz,P(c1ccc([C@H]2[C@H](B(c3c(F)c(F)c(F)c(F)c3F)c3c(F)c(F)c(F)c(F)c3F)[C@H]3CC[C@@]2(C3(C)C)C)cc1)(C(C)(C)C)C(C)(C)C.O=C=O,,140,-157.84342272,-9.6645,-8.8909,0.77361494
data\raw\xyz\141\141CO2.xyz,141CO2.xyz,[C@]12([C@@H]([C@H]([C@@H](CC1)C2(C)C)B(c1c(F)c(F)c(F)c(F)c1F)c1c(F)c(F)c(F)c(F)c1F)N1CCCCC1)C.O=C=O,,141,-132.86618939,-9.7324,-9.0714,0.66100237
data\raw\xyz\148\148CO2.xyz,148CO2.xyz,[P]1(C(=C([B](c2c(F)c(F)c(F)c(F)c2F)(c2c(F)c(F)c(F)c(F)c2F)OC1=O)c1c(F)c(F)c(F)c(F)c1F)c1ccccc1)(c1c(cc(cc1C)C)C)c1c(cc(cc1C)C)C,,148,-192.98479692,-11.2531,-8.4374,2.81573662
data\raw\xyz\149\149CO2.xyz,149CO2.xyz,C1(=C(c2c(F)c(F)c(F)c(F)c2F)[B](c2c(F)c(F)c(F)c(F)c2F)(c2c(F)c(F)c(F)c(F)c2F)OC(=O)[P]1(c1c(cc(cc1C)C)C)c1c(cc(cc1C)C)C)c1ccc(cc1)C,,149,-196.15301664,-11.0947,-8.3116,2.78309808
data\raw\xyz\15\15CO2.xyz,15CO2.xyz,c12ccccc1[N](C)(C)C(=O)O[B]2(Cl)Cl,,15,-45.85625637,-10.5569,-7.3455,3.21138355
data\raw\xyz\150\150CO2.xyz,150CO2.xyz,C1(=C(c2c(F)c(F)c(F)c(F)c2F)[B](c2c(F)c(F)c(F)c(F)c2F)(c2c(F)c(F)c(F)c(F)c2F)OC(=O)[P]1(c1ccccc1)c1ccccc1)C,,150,-162.23380945,-11.5305,-8.4587,3.07178902
data\raw\xyz\151\151CO2.xyz,151CO2.xyz,C1(=C(c2c(F)c(F)c(F)c(F)c2F)[B](c2c(F)c(F)c(F)c(F)c2F)(c2c(F)c(F)c(F)c(F)c2F)OC(=O)[P]1(c1ccccc1)c1ccccc1)CCC,,151,-168.57399118,-11.5057,-8.2881,3.21764119
data\raw\xyz\152\152CO2.xyz,152CO2.xyz,[P]1([C@@H](CC)[B](c2c(F)c(F)c(F)c(F)c2F)(c2c(F)c(F)c(F)c(F)c2F)OC1=O)(c1c(F)c(F)c(F)c(F)c1F)c1c(F)c(F)c(F)c(F)c1F,,152,-169.46422639,-12.2351,-9.7555,2.47952696
data\raw\xyz\153\153CO2.xyz,153CO2.xyz,[P]1([C@@H](C[B](c2c(F)c(F)c(F)c(F)c2F)(c2c(F)c(F)c(F)c(F)c2F)OC1=O)C)(c1c(F)c(F)c(F)c(F)c1F)c1c(F)c(F)c(F)c(F)c1F,,153,-169.45923966,-11.9398,-9.8825,2.05728834
data\raw\xyz\154\154CO2.xyz,154CO2.xyz,[P](C(C)(C)C)(CC[B](c1c(F)c(F)c(F)c(F)c1F)(c1c(F)c(F)c(F)c(F)c1F)OC(=O)c1c(F)c(F)c(F)c(F)c1F)(C(C)(C)C)C(C)(C)C,,154,-169.31079164,-11.0866,-8.228,2.85858964
data\raw\xyz\155\155CO2.xyz,155CO2.xyz,[P](C(C)(C)C)([C@H](C[B](c1c(F)c(F)c(F)c(F)c1F)(c1c(F)c(F)c(F)c(F)c1F)Oc1c(F)c(F)c(F)c(F)c1F)C)(C(C)(C)C)C(C)(C)C.O=[C],,155,-172.37631269,-10.5409,-7.3284,3.21250975
data\raw\xyz\156\156CO2.xyz,156CO2.xyz,[P]([C@@H](C[B](c1c(F)c(F)c(F)c(F)c1F)(c1c(F)c(F)c(F)c(c1F)F)Oc1c(F)c(F)c(F)c(F)c1F)CCCC)(C(C)(C)C)(C(C)(C)C)C(C)(C)C.O=[C],,156,-181.86380767,-10.592,-7.2516,3.34034171
data\raw\xyz\157\157CO2.xyz,157CO2.xyz,[CH]=C/C=C\[CH].[C]=C[C][C],,157,,,,
data\raw\xyz\16\16CO2.xyz,16CO2.xyz,[P]1([C@H]2[C@H]([B](c3c(c(c(c(c3F)F)F)F)F)(c3c(c(c(c(c3F)F)F)F)F)OC1=O)[C@H]1CC[C@@H]2C1)(c1c(cc(cc1C)C)C)c1c(cc(cc1C)C)C,,16,-156.94232884,-10.8234,-7.4862,3.33721355
data\raw\xyz\17\17CO2.xyz,17CO2.xyz,[C@H]12CCCC[C@@H]1[B](c1c(F)c(F)c(F)c(F)c1F)(c1c(F)c(F)c(F)c(F)c1F)OC(=O)[P]2(c1c(cc(cc1C)C)C)c1c(cc(cc1C)C)C,,17,-154.79831208,-10.8133,-7.4222,3.39112767
data\raw\xyz\18\18CO2.xyz,18CO2.xyz,[C@@H]12[C@H](CCC1)[B](c1c(F)c(F)c(F)c(F)c1F)(c1c(F)c(F)c(F)c(F)c1F)OC(=O)[P]2(c1c(cc(cc1C)C)C)c1c(cc(cc1C)C)C,,18,-151.62474753,-10.8968,-7.6042,3.29254949
data\raw\xyz\19\19CO2.xyz,19CO2.xyz,[B]1(N2N([C](C=C2C(C)(C)C)C(C)(C)C)C(=O)O1)(c1c(F)c(F)c(F)c(F)c1F)c1c(F)c(F)c(F)c(F)c1F,,19,-123.70848832,-12.1246,-8.2825,3.84210188
data\raw\xyz\2\2CO2.xyz,2CO2.xyz,[P]1(CC[B](c2c(c(c(c(c2F)F)F)F)F)(c2c(c(c(c(c2F)F)F)F)F)OC1=O)(c1c(cc(cc1C)C)C)c1c(cc(cc1C)C)C,,2,-143.14859766,-10.906,-7.6092,3.29683349
data\raw\xyz\20\20CO2.xyz,20CO2.xyz,C1/C(=C\C)/[B](c2c(F)c(F)c(F)c(F)c2F)(c2c(F)c(F)c(F)c(F)c2F)OC(=O)[P]1(c1c(cc(cc1C)C)C)c1c(cc(cc1C)C)C,,20,-148.42926567,-10.8718,-7.5899,3.2819332
data\raw\xyz\21\21CO2.xyz,21CO2.xyz,C1/C(=C\[Si](C)(C)C)/[B](c2c(F)c(F)c(F)c(F)c2F)(c2c(F)c(F)c(F)c(F)c2F)OC(=O)[P]1(c1c(cc(cc1C)C)C)c1c(cc(cc1C)C)C,,21,-157.48483984,-10.4315,-7.5004,2.93113841
data\raw\xyz\22\22CO2.xyz,22CO2.xyz,[B]1(CCC[P@@](CCCB(c2c(c(c(c(c2F)F)F)F)F)c2c(c(c(c(c2F)F)F)F)F)(c2ccccc2)C(=O)O1)(c1c(c(c(c(c1F)F)F)F)F)c1c(c(c(c(c1F)F)F)F)F,,22,-195.5880277,-11.2284,-9.9811,1.24738404
data\raw\xyz\23\23CO2.xyz,23CO2.xyz,[P@]1(CCC[B](c2c(F)c(F)c(F)c(F)c2F)(c2c(F)c(F)c(F)c(F)c2F)OC1=O)(CCCB(c1c(F)c(F)c(F)c(F)c1F)c1c(F)c(F)c(F)c(F)c1F)C(C)(C)C,,23,-193.36698361,-11.1571,-9.8557,1.30141969
data\raw\xyz\24\24CO2.xyz,24CO2.xyz,Fc1c(c(F)c(F)c(F)c1F)B(CCCN(C)c1ccccc1)c1c(F)c(F)c(F)c(F)c1F.O=C=O,,24,-115.97369091,-9.9578,-9.2325,0.72526626
data\raw\xyz\25\25CO2.xyz,25CO2.xyz,Fc1c(c(F)c(F)c(F)c1F)[B]1(CCC[N](CCCB(c2c(F)c(F)c(F)c(F)c2F)c2c(F)c(F)c(F)c(F)c2F)(c2ccccc2)C(=O)O1)c1c(F)c(F)c(F)c(F)c1F,,25,-195.99112232,-11.4115,-9.8482,1.5633829
data\raw\xyz\26\26CO2.xyz,26CO2.xyz,[P]1(CCC[B](c2c(F)c(F)c(F)c(F)c2F)(c2c(F)c(F)c(F)c(F)c2F)OC1=O)(c1c(C)cc(C)cc1C)c1c(C)cc(C)cc1C,,26,-146.30673102,-10.9336,-7.5437,3.38987211
data\raw\xyz\27\27CO2.xyz,27CO2.xyz,[P]1([C@@H](C[B](c2c(F)c(F)c(F)c(F)c2F)(c2c(F)c(F)c(F)c(F)c2F)OC1=O)C)(c1c(C)cc(C)cc1C)c1c(C)cc(C)cc1C,,27,-146.30590452,-10.8111,-7.5319,3.27925599
data\raw\xyz\28\28CO2.xyz,28CO2.xyz,[P]1([C@H](C[B](c2c(c(c(c(c2F)F)F)F)F)(c2c(c(c(c(c2F)F)F)F)F)OC1=O)c1ccccc1)(c1c(cc(cc1C)C)C)c1c(cc(cc1C)C)C,,28,-158.01874983,-10.755,-7.6158,3.13913363
data\raw\xyz\29\29CO2.xyz,29CO2.xyz,[P]1(C[C@H]([B](c2c(c(c(c(c2F)F)F)F)F)(c2c(c(c(c(c2F)F)F)F)F)OC1=O)[Si](C)(C)C)(c1c(cc(cc1C)C)C)c1c(cc(cc1C)C)C,,29,-155.36644326,-10.5225,-7.4993,3.02320095
data\raw\xyz\3\3CO2.xyz,3CO2.xyz,[B]1(c2ccccc2C[N]2(C(CCCC2(C)C)(C)C)C(=O)O1)(c1c(F)c(F)c(F)c(F)c1F)c1c(F)c(F)c(F)c(F)c1F,,3,-133.96309855,-10.9916,-7.4431,3.54848518
data\raw\xyz\30\30CO2.xyz,30CO2.xyz,[P]1(C[C@H](C[B](c2c(F)c(F)c(F)c(F)c2F)(c2c(F)c(F)c(F)c(F)c2F)OC1=O)C)(c1c(cc(cc1C)C)C)c1c(cc(cc1C)C)C,,30,-149.47142556,-10.8352,-7.5657,3.26948396
data\raw\xyz\31\31CO2.xyz,31CO2.xyz,[P]1(CCCC[B](c2c(F)c(F)c(F)c(F)c2F)(c2c(c(c(c(c2F)F)F)F)F)OC1=O)(c1c(cc(cc1C)C)C)c1c(cc(cc1C)C)C,,31,-149.45980931,-10.75,-7.5186,3.2314103
data\raw\xyz\32\32CO2.xyz,32CO2.xyz,[P]1(CC[C@H](C[B](c2c(F)c(F)c(F)c(F)c2F)(c2c(c(c(c(c2F)F)F)F)F)OC1=O)C)(c1c(cc(cc1C)C)C)c1c(cc(cc1C)C)C,,32,-152.62197008,-10.552,-7.6469,2.90508951
data\raw\xyz\33\33CO2.xyz,33CO2.xyz,[B]1(c2ccccc2C[N]2([C@@H](C(c3cccc(c23)C(C)C)(C)C)c2ccccc2)C(=O)O1)(c1c(F)c(F)c(F)c(F)c1F)c1c(F)c(F)c(F)c(F)c1F,,33,-157.4248563,-11.0033,-7.4838,3.51947583
data\raw\xyz\34\34CO2.xyz,34CO2.xyz,[B]1(c2ccccc2C[N]2(C(C[C@H](c3ccc(cc23)C)C)(C)C)C(=O)O1)(c1c(F)c(F)c(F)c(F)c1F)c1c(F)c(F)c(F)c(F)c1F,,34,-142.5458012,-11.1155,-7.5025,3.61290453
data\raw\xyz\35\35CO2.xyz,35CO2.xyz,[B]1(c2ccccc2C[N]2(C(COCC2(C)C)(C)C)C(=O)O1)(c1c(F)c(F)c(F)c(F)c1F)c1c(F)c(F)c(F)c(F)c1F,,35,-134.85586098,-11.1187,-7.5511,3.5675358
data\raw\xyz\36\36CO2.xyz,36CO2.xyz,[B]1(c2ccccc2C[N]2(C(CCCC2(C)C)(C)C)C(=O)O1)(c1c(F)c(F)c(F)c(F)c1F)c1c(F)c(F)c(F)c(F)c1F,,36,-133.96308105,-10.9899,-7.4423,3.5476649
data\raw\xyz\37\37CO2.xyz,37CO2.xyz,[B]1(c2ccccc2C[N]2([C@@H](C(c3ccccc23)(C)C)c2ccccc2)C(=O)O1)(c1c(F)c(F)c(F)c(F)c1F)c1c(F)c(F)c(F)c(F)c1F,,37,-147.92767589,-11.0952,-7.4494,3.64578302
data\raw\xyz\38\38CO2.xyz,38CO2.xyz,[B]1(c2ccccc2C[N]2(C(C)(C)C[C@@H](c3cccc(c23)C(C)C)C)C(=O)O1)(c1c(F)c(F)c(F)c(F)c1F)c1c(F)c(F)c(F)c(F)c1F,,38,-148.85950744,-11.0735,-7.4672,3.6062443
data\raw\xyz\39\39CO2.xyz,39CO2.xyz,[B]1(c2ccccc2C[N]2([C@@]3([C@](c4ccccc24)(C)CC[C@H](C3)C(C)C)c2ccccc2)C(=O)O1)(c1c(F)c(F)c(F)c(F)c1F)c1c(F)c(F)c(F)c(F)c1F,,39,-165.87644612,-10.9713,-7.4199,3.55142057
data\raw\xyz\4\4CO2.xyz,4CO2.xyz,[P]1([B](c2c(F)c(F)c(F)c(F)c2F)(c2c(F)c(F)c(F)c(F)c2F)OC1=O)(C1CCCCC1)C1CCCCC1,,4,-123.9961397,-11.3885,-8.1553,3.23320865
data\raw\xyz\40\40CO2.xyz,40CO2.xyz,[B]1(c2ccc3ccccc3c2-c2c(ccc3ccccc23)[N](C)(C(C)C)C(=O)O1)(c1c(F)c(F)c(F)c(F)c1F)c1c(F)c(F)c(F)c(F)c1F,,40,-150.06199287,-10.6367,-7.9692,2.66750672
data\raw\xyz\41\41CO2.xyz,41CO2.xyz,P1(F)(c2ccccc2)(c2ccccc2N(C)C(=O)O1)c1ccccc1,,41,-69.88274616,-10.5079,-7.0427,3.46519047
data\raw\xyz\42\42CO2.xyz,42CO2.xyz,C1(=C[N]2(CCN(C)CC2)C(=O)O[Al]1(CC(C)C)CC(C)C)[Si](C)(C)C,,42,-77.36040714,-8.8606,-6.4821,2.37849258
data\raw\xyz\43\43CO2.xyz,43CO2.xyz,C1=C[C]2N(C(=C1)C(C)(C)C)C(=O)O[B](c1c(c(c(c(c1F)F)F)F)F)(c1c(c(c(c(c1F)F)F)F)F)O2,,43,-116.97156265,-11.9821,-9.1785,2.80361461
data\raw\xyz\44\44CO2.xyz,44CO2.xyz,O1c2ccccc2O[B]21c1ccccc1[P](c1ccccc1)(c1ccccc1)C(=O)O2,,44,-82.79293571,-9.1542,-7.689,1.46514983
data\raw\xyz\5\5CO2.xyz,5CO2.xyz,[P]1([B](c2c(F)c(F)c(F)c(F)c2F)(c2c(F)c(F)c(F)c(F)c2F)OC1=O)(C(C)(C)C)C(C)(C)C,,5,-113.3514855,-11.3582,-8.2685,3.08966622
data\raw\xyz\51\51CO2.xyz,51CO2.xyz,C1C[B@H](c2c(cc(cc2C(F)(F)F)C(F)(F)F)C(F)(F)F)OC(=O)[P]1(c1c(cc(cc1C)C)C)c1c(cc(cc1C)C)C,,51,-133.5948855,-10.6661,-7.4949,3.17123145
data\raw\xyz\52\52CO2.xyz,52CO2.xyz,C1CC[B](c2c(F)c(F)c(F)c(F)c2F)(c2c(F)c(F)c(F)c(F)c2F)OC(=O)[N]21[C@H](CCC[C@@H]2C)C,,52,-119.08140664,-11.2207,-7.5274,3.69333116
data\raw\xyz\53\53CO2.xyz,53CO2.xyz,[N]1(/C=C/C)(C(CCCC1(C)C)(C)C)C(=O)O[BH](c1c(F)c(F)c(F)c(F)c1F)c1c(F)c(F)c(F)c(F)c1F,,53,-125.37948473,-10.9949,-7.154,3.84091503
data\raw\xyz\54\54CO2.xyz,54CO2.xyz,C1C[B](c2c(F)c(F)c(F)c(F)c2F)(c2c(F)c(F)c(F)c(F)c2F)O[C]2[P@@]1(CC[B](c1c(F)c(F)c(F)c(F)c1F)(c1c(F)c(F)c(F)c(F)c1F)O2)c1c(cc(cc1C)C)C,,54,-198.80968414,-11.7937,-8.7728,3.02091358
data\raw\xyz\55\55CO2.xyz,55CO2.xyz,c12ccccc1C[N]1(C(CCCC1(C)C)(C)C)C(=O)O[B@]12[C@@H]2CCC[C@H]1CCC2,,55,-85.2466361,-9.0071,-6.0203,2.98679409
data\raw\xyz\56\56CO2.xyz,56CO2.xyz,C[C@H]1[B@@]23[C@@H](C)[C@H]4C[C@@H]1C[C@H](C4)C1=C2[N]2([C@H]([C@H]4C[C@@H]([C@H]2C)C[C@@H]1C4)C)C(=O)O3,,56,-79.00537416,-9.2417,-5.8934,3.34828297
data\raw\xyz\57\57CO2.xyz,57CO2.xyz,[C@@H]12C[C@@H]3C[N@@](C[C@H](C1)C3)[C@@H]2c1cccc([C@]2([C@@]3(C([C@@]4(C([B@]2(C([C@](C3(F)F)(C4(F)F)F)(F)F)O[C][O])(F)F)F)(F)F)F)F)c1,,57,-141.30695998,-10.232,-9.5192,0.71274932
data\raw\xyz\58\58CO2.xyz,58CO2.xyz,[C@@H]1(CC[C@@H]([P@@]21[B](C(F)(F)F)(C(F)(F)F)OC2=O)C)C,,58,-65.73419122,-11.8314,-7.8818,3.94960161
data\raw\xyz\59\59CO2.xyz,59CO2.xyz,[C@H]12CCCC[NH]1C(=O)O[B]2(c1c(cccc1C)C)c1c(cccc1C)C,,59,-73.71718914,-9.8222,-6.2839,3.53832279
data\raw\xyz\6\6CO2.xyz,6CO2.xyz,C1=C([Si](C)(C)C)[P](c2c(cc(cc2C)C)C)(c2c(cc(cc2C)C)C)C(=O)O[B]1(c1c(F)c(F)c(F)c(F)c1F)c1c(F)c(F)c(F)c(F)c1F,,6,-154.33294147,-10.5216,-7.4576,3.06397671
data\raw\xyz\60\60CO2.xyz,60CO2.xyz,[C]12N3C(CCN1C=C1N2[B@](C(CC1)(C)C)(C)OC3=O)(C)C,,60,-62.67251641,-9.6827,-6.0722,3.61050303
data\raw\xyz\61\61CO2.xyz,61CO2.xyz,C1=C2N3[C]4N(C(CCN14)(C)C)C(=O)O[B@]13[C@@]3(CCC[C@H]1CCC3)CC2,,61,-73.28327332,-9.2839,-6.2659,3.01801844
data\raw\xyz\62\62CO2.xyz,62CO2.xyz,[C@@H]1([P@]2(CC[B@]1(c1c(c(c(c(c1F)F)F)F)F)OC2=O)c1ccccc1)C,,62,-78.56744411,-11.0405,-7.8299,3.21053786
data\raw\xyz\63\63CO2.xyz,63CO2.xyz,[P]1(O[B](c2c(F)c(F)c(F)c(F)c2F)(c2c(F)c(F)c(F)c(F)c2F)OC1=O)(c1c(cc(cc1C)C)C)c1c(cc(cc1C)C)C,,63,-140.97090501,-11.2141,-7.8476,3.36645728
data\raw\xyz\64\64CO2.xyz,64CO2.xyz,c1(cccc(c1[P@]12CC[C@H](C1)[B](c1c(F)c(F)c(F)c(F)c1F)(c1c(c(F)c(c(c1F)F)F)F)OC2=O)c1c(cc(cc1C)C)C)c1c(cc(cc1C)C)C,,64,-163.36907786,-11.0072,-7.7221,3.28514503
data\raw\xyz\65\65CO2.xyz,65CO2.xyz,[C]1([CH][B@@H](c2c(cc(cc2C(F)(F)F)C(F)(F)F)C(F)(F)F)OC(=O)[P]1(c1c(cc(cc1C)C)C)c1c(cc(cc1C)C)C)[Si](C)(C)C,,65,-144.77208971,-10.0918,-7.5952,2.49659982
data\raw\xyz\66\66CO2.xyz,66CO2.xyz,B(N(C(C)C)C(C)C)(N(C(C)C)C(C)C)OC(=O)P(C(C)(C)C)C(C)(C)C,,66,-86.28745963,-9.2634,-6.3009,2.96244672
data\raw\xyz\67\67CO2.xyz,67CO2.xyz,C1(=C([Al](C(C)(C)C)(C(C)(C)C)OC(=O)[P]1(c1c(cc(cc1C)C)C)c1c(cc(cc1C)C)C)CC)CC,,67,-107.89858173,-8.402,-7.0314,1.37054765
data\raw\xyz\68\68CO2.xyz,68CO2.xyz,[P]1(C[Si](C(F)(F)C(F)(F)F)(C(F)(F)C(F)(F)F)(C(F)(F)C(F)(F)F)OC1=O)(C(C)(C)C)C(C)(C)C,,68,-127.85587728,-12.0115,-8.1499,3.86167862
data\raw\xyz\69\69CO2.xyz,69CO2.xyz,C1[Si](F)(F)(F)OC(=O)[P]1(C(C)(C)C)C(C)(C)C,,69,-58.41029133,-10.9762,-6.8931,4.0831128
data\raw\xyz\7\7CO2.xyz,7CO2.xyz,[B]1(c2ccccc2[N](c2ccccc2)(c2ccccc2)C(=O)O1)(c1c(F)c(F)c(F)c(F)c1F)c1c(F)c(F)c(F)c(F)c1F,,7,-133.11960953,-11.5075,-7.6413,3.86622859
data\raw\xyz\70\70CO2.xyz,70CO2.xyz,C1[Si](Cl)(Cl)(Cl)OC(=O)[P]1(C(C)(C)C)C(C)(C)C,,70,-57.78952962,-10.7286,-7.8565,2.87210177
data\raw\xyz\71\71CO2.xyz,71CO2.xyz,C1[P](C(C)(C)C)(C(C)(C)C)C(=O)O[B]1(c1ccccc1)c1ccccc1,,71,-74.30807963,-9.7121,-6.5177,3.19437275
data\raw\xyz\72\72CO2.xyz,72CO2.xyz,C1[P](C(C)(C)C)(C(C)(C)C)C(=O)O[B]1(c1cc(cc(c1)C(F)(F)F)C(F)(F)F)c1cc(cc(c1)C(F)(F)F)C(F)(F)F,,72,-137.72275396,-11.4469,-7.5966,3.85029574
data\raw\xyz\73\73CO2.xyz,73CO2.xyz,[N]1([C@@H](C[B](c2c(F)c(F)c(F)c(F)c2F)(c2c(F)c(F)c(F)c(F)c2F)OC1=O)c1ccccc1)(CC)CC,,73,-122.31501829,-11.381,-7.5692,3.81178352
data\raw\xyz\74\74CO2.xyz,74CO2.xyz,[N]12([C@@H](C[B](c3c(F)c(F)c(F)c(F)c3F)(c3c(F)c(F)c(F)c(F)c3F)OC2=O)c2ccccc2)CCCCC1,,74,-124.48296498,-11.4795,-7.6174,3.86207343
data\raw\xyz\75\75CO2.xyz,75CO2.xyz,[N]12([C@@H](C([B](c3c(F)c(F)c(F)c(F)c3F)(c3c(F)c(F)c(F)c(F)c3F)OC2=O)(C)C)c2ccccc2)CCCCC1,,75,-130.78979878,-11.1842,-7.4867,3.69752443
data\raw\xyz\76\76CO2.xyz,76CO2.xyz,[N]12([C@H]3[C@H]([B](c4c(F)c(F)c(F)c(F)c4F)(c4c(F)c(F)c(F)c(F)c4F)OC2=O)CCCC3)CCCCC1,,76,-121.25770998,-11.3369,-7.5145,3.82247956
data\raw\xyz\77\77CO2.xyz,77CO2.xyz,[B]1([C@H]2[C@@H](CCCC2)[N]2(CCCC2)C(=O)O1)(c1c(F)c(F)c(F)c(F)c1F)c1c(F)c(F)c(F)c(F)c1F,,77,-118.08973241,-11.2869,-7.5352,3.7517092
data\raw\xyz\78\78CO2.xyz,78CO2.xyz,c12c(cccc1)[C@@H]1C[C@H]2[P](c2c(cc(cc2C)C)C)(c2c(cc(cc2C)C)C)C(=O)O[B]1(c1c(c(c(c(c1F)F)F)F)F)c1c(c(c(c(c1F)F)F)F)F,,78,-160.18754214,-10.4968,-7.6429,2.8538227
data\raw\xyz\79\79CO2.xyz,79CO2.xyz,c1cc(c2c(c1)c1c(c(ccc1)B(c1c(c(c(c(c1F)F)F)F)F)c1c(c(c(c(c1F)F)F)F)F)o2)P(=O)(c1c(cc(cc1C)C)C)c1c(cc(cc1C)C)C.[C]=O,,79,-169.61879176,-10.6016,-9.0647,1.53690281
data\raw\xyz\8\8CO2.xyz,8CO2.xyz,[B]1(c2ccccc2[N](C)(C)C(=O)O1)(c1c(F)c(F)c(F)c(F)c1F)c1c(F)c(F)c(F)c(F)c1F,,8,-109.67269099,-11.6112,-7.6696,3.94162296
data\raw\xyz\80\80CO2.xyz,80CO2.xyz,c1c2c3c(cc1)C(c1c(c(ccc1)[B](c1c(c(c(c(c1F)F)F)F)F)(c1c(c(c(c(c1F)F)F)F)F)OC(=O)[P]2(c1c(cc(cc1C)C)C)c1c(cc(cc1C)C)C)O3)(C)C,,80,-179.16531571,-10.4158,-7.541,2.87484416
data\raw\xyz\81\81CO2.xyz,81CO2.xyz,c1c2c3c(cc1)C(c1c(c(ccc1)[B](c1c(c(c(c(c1F)F)F)F)F)(c1c(c(c(c(c1F)F)F)F)F)OC(=O)[P]2(C(C)C)C(C)C)O3)(C)C,,81,-149.37000424,-10.5113,-7.7432,2.76808137
data\raw\xyz\83\83CO2.xyz,83CO2.xyz,[P]1(c2c3Oc4c([B](c5c(F)c(F)c(F)c(c5F)F)(c5c(c(c(c(c5F)F)F)F)F)OC1=O)cccc4C(c3ccc2)(C)C)(c1ccccc1)c1ccccc1,,83,-160.1524778,-10.5977,-7.8688,2.72891082
data\raw\xyz\84\84CO2.xyz,84CO2.xyz,[P]1(C2=C3[C@@H]([C@H](C=C2[B](c2c(F)c(F)c(F)c(F)c2F)(c2c(F)c(F)c(F)c(F)c2F)OC1=O)c1ccccc1)CCCC3)(c1c(cc(cc1C)C)C)c1c(cc(cc1C)C)C,,84,-179.25976898,-10.4037,-7.656,2.74767064
data\raw\xyz\85\85CO2.xyz,85CO2.xyz,[P]1(c2c([B](c3c(F)c(F)c(F)c(F)c3F)(c3c(F)c(F)c(F)c(F)c3F)OC1=O)cc(c1c2CCCC1)c1ccccc1)(c1c(cc(cc1C)C)C)c1c(cc(cc1C)C)C,,85,-178.26479599,-10.628,-7.4996,3.12844995
data\raw\xyz\86\86CO2.xyz,86CO2.xyz,[P]1(c2c(cc(cc2C)C(C)(C)C)[B](c2c(c(c(c(c2F)F)F)F)F)(c2c(c(c(c(c2F)F)F)F)F)OC1=O)(c1c(cc(cc1C)C)C)c1c(cc(cc1C)C)C,,86,-167.55962076,-10.7449,-7.5035,3.24141738
data\raw\xyz\87\87CO2.xyz,87CO2.xyz,[P]1(c2c(cc(cc2C)c2ccccc2)[B](c2c(c(c(c(c2F)F)F)F)F)(c2c(c(c(c(c2F)F)F)F)F)OC1=O)(c1c(cc(cc1C)C)C)c1c(cc(cc1C)C)C,,87,-169.78007776,-10.7753,-7.5881,3.18719789
data\raw\xyz\88\88CO2.xyz,88CO2.xyz,[P]1(c2c(cc(cc2C)C)C)(c2c(cc(cc2C)C)C)[C]([Al](C(C)(C)C)(C(C)(C)C)OC1=O)[CH]c1ccccc1,,88,-110.14155666,-8.498,-7.2304,1.26758886
data\raw\xyz\89\89CO2.xyz,89CO2.xyz,C(=C\c1ccccc1)(/P(c1c(C)cc(C)cc1C)c1c(C)cc(C)cc1C)\[Al](CC(C)(C)C)CC(C)(C)C.O=C=O,,89,-116.45870251,-9.109,-6.6253,2.48367609
data\raw\xyz\9\9CO2.xyz,9CO2.xyz,c12ccccc1[N]1(C(CCCC1(C)C)(C)C)C(=O)O[B]2(c1c(F)c(F)c(F)c(F)c1F)c1c(c(c(c(c1F)F)F)F)F,,9,-130.79817144,-11.2384,-7.4371,3.80132497
data\raw\xyz\90\90CO2.xyz,90CO2.xyz,[H].[Si](C)(C)[CH2],,90,,,,
data\raw\xyz\91\91CO2.xyz,91CO2.xyz,[Al](C([Si](C)(C)C)[Si](C)(C)C)(C([Si](C)(C)C)[Si](C)(C)C)OC(=O)/C(=C/C(C)(C)C)/PC([Si](C)(C)C)[Si](C)(C)C,,91,-116.6560888,-9.4114,-6.2404,3.17104678
data\raw\xyz\94\94CO2.xyz,94CO2.xyz,[S@@]1(c2ccc(cc2)C)/C(=C\C(C)(C)C)/[B](c2c(F)c(F)c(F)c(F)c2F)(c2c(F)c(F)c(F)c(F)c2F)OC1=O,,94,-124.25384077,-11.5212,-7.906,3.61521769
data\raw\xyz\95\95CO2.xyz,95CO2.xyz,[P@@H]1(/C(=C\C(C)(C)C)/[B](c2c(c(c(c(c2F)F)F)F)F)(c2c(c(c(c(c2F)F)F)F)F)OC1=O)c1c(C)cc(C)cc1C,,95,-130.3813673,-11.259,-7.8391,3.4198904
data\raw\xyz\96\96CO2.xyz,96CO2.xyz,[P]1(c2c(c(c(c(c2F)F)F)F)F)(c2c(c(c(c(c2F)F)F)F)F)/C(=C\c2ccccc2)/[B](c2c(c(c(c(c2F)F)F)F)F)(c2c(c(c(c(c2F)F)F)F)F)OC1=O,,96,-180.14551985,-12.0801,-9.6873,2.39282079
data\raw\xyz\97\97CO2.xyz,97CO2.xyz,[N@@]12[C]3[N@](CCCN3C(=O)O[B@]32[C@H]2CCC[C@@H]3CCC2)CCC1,,97,-65.82510054,-9.1738,-6.3237,2.85014057
data\raw\xyz\98\98CO2.xyz,98CO2.xyz,[N@@]12[C]3[N@@](CCCN3C(=O)O[B]2(C2CCCCC2)C2CCCCC2)CCC1,,98,-78.5010398,-9.3906,-6.3513,3.03925073
data\raw\xyz\99\99CO2.xyz,99CO2.xyz,Cl[Si]1([N@]2[C]3N(CCC[N@]3CCC2)C(=O)O1)(C)C,,99,-53.93864306,-10.0224,-6.8874,3.13497299
