flp_id,energy_complex_Eh,xyz_path_complex,smiles_complex,energy_flp_Eh,E_CO2_Eh,binding_energy_Eh,binding_energy_kJmol
1,-168.58002978,data\raw\xyz\1\1CO2.xyz,c1(c(c(c(c(c1P(c1c(cc(cc1C)C)C)c1c(cc(cc1C)C)C)F)F)B(c1c(c(c(c(c1F)F)F)F)F)c1c(c(c(c(c1F)F)F)F)F)F)F.O=C=O,-158.26546325,-10.3078989,-0.006667629999981273,-17.50586003125143
10,-58.82593927,data\raw\xyz\10\10CO2.xyz,c12ccccc1[N]1(C(CCCC1(C)C)(C)C)C(=O)O[BH2]2,-48.5226073,-10.3078989,0.00456692999999575,11.990472979555442
103,-88.31430026,data\raw\xyz\103\103CO2.xyz,P1(c2cccc3cccc(B(c4c(cc(cc4C)C)C)OC1=O)c23)c1c(cc(cc1C)C)C,-77.99651161,-10.3078989,-0.009889749999999253,-25.96553486689304
104,-81.97226177,data\raw\xyz\104\104CO2.xyz,P1(c2cccc3cccc(B(c4c(cccc4C)C)OC1=O)c23)c1c(cccc1C)C,-71.65510009,-10.3078989,-0.009262780000000248,-24.319425370144252
105,-108.26762248,data\raw\xyz\105\105CO2.xyz,[P]1(c2c3c([B](c4c(cc(cc4C)C)C)(c4c(cc(cc4C)C)C)OC1=O)cccc3ccc2)(C(C)C)C(C)C,-97.98479697,-10.3078989,0.02507339000000286,65.8301759171193
106,-95.45514767,data\raw\xyz\106\106CO2.xyz,c12cccc3cccc(c13)[B](C1CCCCC1)(C1CCCCC1)OC(=O)[P]2(C(C)C)C(C)C,-85.1710791,-10.3078989,0.02383032999999557,62.56652235946297
107,-88.26036627,data\raw\xyz\107\107CO2.xyz,c12cccc3cccc(c13)[B]1(c3ccccc3-c3ccccc13)OC(=O)[P]2(C(C)C)C(C)C,-77.99234912,-10.3078989,0.039881749999992167,104.70951946991444
108,-119.05611595,data\raw\xyz\108\108CO2.xyz,[B]1(c2c3c(cccc3ccc2)[P](c2ccccc2)(c2ccccc2)C(=O)O1)(c1c(cc(cc1C)C)C)c1c(cc(cc1C)C)C,-108.77087002,-10.3078989,0.022652969999995776,59.47536412686031
109,-124.37457507,data\raw\xyz\109\109CO2.xyz,[B]1(c2c3c(ccc4c3c(cc2)CC4)[P](c2ccccc2)(c2ccccc2)C(=O)O1)(c1c(cc(cc1C)C)C)c1c(cc(cc1C)C)C,-114.08983704,-10.3078989,0.023160869999998113,60.80885538386445
11,-66.98136077,data\raw\xyz\11\11CO2.xyz,c12ccccc1[N]1(C(CCCC1(C)C)(C)C)C(=O)O[B]2(Cl)Cl,-56.68510462,-10.3078989,0.01164275000000714,30.56803570077375
111,-123.27770943,data\raw\xyz\111\111CO2.xyz,[P]1(c2ccccc2)(c2c3-c4c(cccc4-c3ccc2)[B](c2c(cc(cc2C)C)C)(c2c(cc(cc2C)C)C)OC1=O)c1ccccc1,-112.98592892,-10.3078989,0.01611839000000259,42.31882682001861
112,-165.53939066,data\raw\xyz\112\112CO2.xyz,[P]1(c2cccc3-c4cccc(c4-c23)[B](c2c(F)c(F)c(F)c(F)c2F)(c2c(F)c(F)c(F)c(F)c2F)OC1=O)(c1c(cc(cc1C)C)C)c1c(cc(cc1C)C)C,-155.19850967,-10.3078989,-0.032982090000018616,-86.59446476185468
113,-115.67548631,data\raw\xyz\113\113CO2.xyz,[P]1(c2ccccc2[B](c2c(cc(cc2C)C)C)(c2c(cc(cc2C)C)C)OC1=O)(C1CCCCC1)C1CCCCC1,-105.36899384,-10.3078989,0.0014064300000029561,3.6925814305643616
114,-118.0854359,data\raw\xyz\114\114CO2.xyz,[B]1([C@H]2[C@H]([N]3(CCCCC3)C(=O)O1)CCC2)(c1c(F)c(F)c(F)c(F)c1F)c1c(F)c(F)c(F)c(F)c1F,-107.74516698,-10.3078989,-0.03237002000000189,-84.98747520939736
115,,data\raw\xyz\115\115CO2.xyz,c1cc2c(cc1)[N](C)(C)C(=O)O[BH2]2,-27.3887485,-10.3078989,,
12,-62.90800424,data\raw\xyz\12\12CO2.xyz,c12ccccc1[N]1(C(CCCC1(C)C)(C)C)C(=O)O[B@H]2Cl,-52.60968889,-10.3078989,0.009583550000002106,25.16160688325653
120,-125.40046122,data\raw\xyz\120\120CO2.xyz,N1(CCCB(c2c(F)c(F)c(F)c(F)c2F)c2c(F)c(F)c(F)c(F)c2F)C(CCCC1(C)C)(C)C.O=C=O,-115.08566456,-10.3078989,-0.006897760000001085,-18.11006625885405
122,-75.22662193,data\raw\xyz\122\122CO2.xyz,[P]1(c2c([B](OC)(OC)OC1=O)cccc2)(c1ccccc1)c1ccccc1,-64.93225729,-10.3078989,0.013534260000000131,35.53419448698155
123,-86.92368163,data\raw\xyz\123\123CO2.xyz,P(c1c(B2OC(C(O2)(C)C)(C)C)cccc1)(c1ccccc1)c1ccccc1.O=C=O,-76.60715916,-10.3078989,-0.008623570000011682,-22.64117975807407
124,-83.75225455,data\raw\xyz\124\124CO2.xyz,P(c1c(B2OCC(CO2)(C)C)cccc1)(c1ccccc1)c1ccccc1.O=C=O,-73.43723683,-10.3078989,-0.007118820000002302,-18.69045920485444
125,-64.44565157,data\raw\xyz\125\125CO2.xyz,[P]1(c2c([B](OC)(OC)OC1=O)cccc2)(C(C)C)C(C)C,-54.15067181,-10.3078989,0.012919140000008156,33.91919716074821
126,-72.04269596,data\raw\xyz\126\126CO2.xyz,P(c1c(b2oc3c(o2)cccc3)cccc1)(C(C)C)C(C)C.O=C=O,-61.72677953,-10.3078989,-0.008017530000003603,-21.050021968348062
127,-76.11868036,data\raw\xyz\127\127CO2.xyz,[P]1(c2c([B]3(OC(C(O3)(C)C)(C)C)OC1=O)cccc2)(C(C)C)C(C)C,-65.82695582,-10.3078989,0.016174359999993726,42.465776033726726
129,-86.45578195,data\raw\xyz\129\129CO2.xyz,Cc1cc(C)cc(c1[B]1(c2c(C)cc(C)cc2C)c2c([N](C)(C)C(=O)O1)cccc2)C,-76.15110419,-10.3078989,0.0032211399999937385,8.45710184595036
13,-98.88722406,data\raw\xyz\13\13CO2.xyz,c12ccccc1[N]1(C(CCCC1(C)C)(C)C)C(=O)O[B@]2(c1c(F)c(F)c(F)c(F)c1F)Cl,-88.58359008,-10.3078989,0.004264919999997119,11.197545839322835
130,-86.46042821,data\raw\xyz\130\130CO2.xyz,Cc1cc(C)c(C)cc1B(c1c(C)cc(C)c(C)c1)c1c(N(C)C)cccc1.O=C=O,-76.15413908,-10.3078989,0.0016097699999875204,4.226450523254635
131,-151.58979968,data\raw\xyz\131\131CO2.xyz,[P]1(CC(=CC[B](c2c(F)c(F)c(F)c(F)c2F)(c2c(c(c(c(c2F)F)F)F)F)OC1=O)C)(c1c(cc(cc1C)C)C)c1c(cc(cc1C)C)C,-141.29895655,-10.3078989,0.017055770000013126,44.77991765384186
132,-128.12623782,data\raw\xyz\132\132CO2.xyz,[P]1(CC(=CC[B](c2c(F)c(F)c(F)c(F)c2F)(c2c(c(c(c(c2F)F)F)F)F)OC1=O)C)(C(C)(C)C)C(C)(C)C,-117.82397046,-10.3078989,0.005631539999995994,14.78560613000428
133,-132.57559834,data\raw\xyz\133\133CO2.xyz,[P]1(CC(=CC[B](c2c(F)c(F)c(F)c(F)c2F)(c2c(c(c(c(c2F)F)F)F)F)OC1=O)C)(c1ccccc1)c1ccccc1,-122.29366486,-10.3078989,0.02596542000000568,68.17220034315531
134,-106.53915503,data\raw\xyz\134\134CO2.xyz,[B]1(C[C]2C=CC=C(C)N2C(=O)O1)(c1c(c(c(c(c1F)F)F)F)F)c1c(c(c(c(c1F)F)F)F)F,-96.22555039,-10.3078989,-0.005705740000010451,-14.98041820184624
135,-103.36489998,data\raw\xyz\135\135CO2.xyz,[B]1(C[C]2C=CC=CN2C(=O)O1)(c1c(c(c(c(c1F)F)F)F)F)c1c(c(c(c(c1F)F)F)F)F,-93.04902509,-10.3078989,-0.007975990000005595,-20.94095871413849
136,-116.32579429,data\raw\xyz\136\136CO2.xyz,[B]1(C[C]2C=C(C=C(C)N2C(=O)O1)N(C)C)(c1c(c(c(c(c1F)F)F)F)F)c1c(c(c(c(c1F)F)F)F)F,-106.00548832,-10.3078989,-0.012407070000008957,-32.57475757033692
137,-124.81097142,data\raw\xyz\137\137CO2.xyz,[B]1(C[C]2C=C(C=C(C)N2C(=O)O1)N1CCCCC1)(c1c(c(c(c(c1F)F)F)F)F)c1c(c(c(c(c1F)F)F)F)F,-114.49038075,-10.3078989,-0.012691770000003544,-33.32223731213671
138,-116.01396736,data\raw\xyz\138\138CO2.xyz,[B]1(c2c(c(c(c(c2F)F)F)F)F)(c2c(c(c(c(c2F)F)F)F)F)CCCC[C]2C=CC=C(C)N2C(=O)O1,-105.72141143,-10.3078989,0.015342970000006062,40.28296190468732
139,-125.48183011,data\raw\xyz\139\139CO2.xyz,B(c1c(c(c(c(c1F)F)F)F)F)(c1c(c(c(c(c1F)F)F)F)F)CCCCC1=[N]=C([CH]C=C1)C(C)(C)C.O=C=O,-115.16936469,-10.3078989,-0.004566520000011565,-11.989396524752763
14,-73.69330396,data\raw\xyz\14\14CO2.xyz,c12ccccc1[N](C)(C)C(=O)O[B@@H]2c1c(F)c(F)c(F)c(F)c1F,,-10.3078989,,
140,-157.84342272,data\raw\xyz\140\140CO2.xyz,P(c1ccc([C@H]2[C@H](B(c3c(F)c(F)c(F)c(F)c3F)c3c(F)c(F)c(F)c(F)c3F)[C@H]3CC[C@@]2(C3(C)C)C)cc1)(C(C)(C)C)C(C)(C)C.O=C=O,-147.53015077,-10.3078989,-0.005373050000002877,-14.106940733248553
141,-132.86618939,data\raw\xyz\141\141CO2.xyz,[C@]12([C@@H]([C@H]([C@@H](CC1)C2(C)C)B(c1c(F)c(F)c(F)c(F)c1F)c1c(F)c(F)c(F)c(F)c1F)N1CCCCC1)C.O=C=O,-122.55482071,-10.3078989,-0.0034697799999889867,-9.109906071454684
148,-192.98479692,data\raw\xyz\148\148CO2.xyz,[P]1(C(=C([B](c2c(F)c(F)c(F)c(F)c2F)(c2c(F)c(F)c(F)c(F)c2F)OC1=O)c1c(F)c(F)c(F)c(F)c1F)c1ccccc1)(c1c(cc(cc1C)C)C)c1c(cc(cc1C)C)C,-182.64937878,-10.3078989,-0.02751924000000372,-72.25175416269856
149,-196.15301664,data\raw\xyz\149\149CO2.xyz,C1(=C(c2c(F)c(F)c(F)c(F)c2F)[B](c2c(F)c(F)c(F)c(F)c2F)(c2c(F)c(F)c(F)c(F)c2F)OC(=O)[P]1(c1c(cc(cc1C)C)C)c1c(cc(cc1C)C)C)c1ccc(cc1)C,-185.83216674,-10.3078989,-0.012951000000015256,-34.00284557866006
15,-45.85625637,data\raw\xyz\15\15CO2.xyz,c12ccccc1[N](C)(C)C(=O)O[B]2(Cl)Cl,-35.54071957,-10.3078989,-0.007637899999998865,-20.05330354759502
150,-162.23380945,data\raw\xyz\150\150CO2.xyz,C1(=C(c2c(F)c(F)c(F)c(F)c2F)[B](c2c(F)c(F)c(F)c(F)c2F)(c2c(F)c(F)c(F)c(F)c2F)OC(=O)[P]1(c1ccccc1)c1ccccc1)C,-151.93113084,-10.3078989,0.0052202900000111185,13.705869411318991
151,-168.57399118,data\raw\xyz\151\151CO2.xyz,C1(=C(c2c(F)c(F)c(F)c(F)c2F)[B](c2c(F)c(F)c(F)c(F)c2F)(c2c(F)c(F)c(F)c(F)c2F)OC(=O)[P]1(c1ccccc1)c1ccccc1)CCC,-158.2619881,-10.3078989,-0.004104180000013002,-10.775523030445738
152,-169.46422639,data\raw\xyz\152\152CO2.xyz,[P]1([C@@H](CC)[B](c2c(F)c(F)c(F)c(F)c2F)(c2c(F)c(F)c(F)c(F)c2F)OC1=O)(c1c(F)c(F)c(F)c(F)c1F)c1c(F)c(F)c(F)c(F)c1F,-159.15690829,-10.3078989,0.0005807999999944968,1.5248901792815515
153,-169.45923966,data\raw\xyz\153\153CO2.xyz,[P]1([C@@H](C[B](c2c(F)c(F)c(F)c(F)c2F)(c2c(F)c(F)c(F)c(F)c2F)OC1=O)C)(c1c(F)c(F)c(F)c(F)c1F)c1c(F)c(F)c(F)c(F)c1F,-159.15768892,-10.3078989,0.006348159999987502,16.667091667666387
154,-169.31079164,data\raw\xyz\154\154CO2.xyz,[P](C(C)(C)C)(CC[B](c1c(F)c(F)c(F)c(F)c1F)(c1c(F)c(F)c(F)c(F)c1F)OC(=O)c1c(F)c(F)c(F)c(F)c1F)(C(C)(C)C)C(C)(C)C,-159.00832975,-10.3078989,0.005437010000008513,14.274867688958551
155,-172.37631269,data\raw\xyz\155\155CO2.xyz,[P](C(C)(C)C)([C@H](C[B](c1c(F)c(F)c(F)c(F)c1F)(c1c(F)c(F)c(F)c(F)c1F)Oc1c(F)c(F)c(F)c(F)c1F)C)(C(C)(C)C)C(C)(C)C.O=[C],-162.1569118,-10.3078989,0.08849800999999502,232.35149162574314
156,-181.86380767,data\raw\xyz\156\156CO2.xyz,[P]([C@@H](C[B](c1c(F)c(F)c(F)c(F)c1F)(c1c(F)c(F)c(F)c(c1F)F)Oc1c(F)c(F)c(F)c(F)c1F)CCCC)(C(C)(C)C)(C(C)(C)C)C(C)(C)C.O=[C],-171.64668755,-10.3078989,0.09077877999999373,238.33965239404714
157,,data\raw\xyz\157\157CO2.xyz,[CH]=C/C=C\[CH].[C]=C[C][C],-57.3401422,-10.3078989,,
16,-156.94232884,data\raw\xyz\16\16CO2.xyz,[P]1([C@H]2[C@H]([B](c3c(c(c(c(c3F)F)F)F)F)(c3c(c(c(c(c3F)F)F)F)F)OC1=O)[C@H]1CC[C@@H]2C1)(c1c(cc(cc1C)C)C)c1c(cc(cc1C)C)C,-146.59538498,-10.3078989,-0.03904495999998403,-102.51252764287328
17,-154.79831208,data\raw\xyz\17\17CO2.xyz,[C@H]12CCCC[C@@H]1[B](c1c(F)c(F)c(F)c(F)c1F)(c1c(F)c(F)c(F)c(F)c1F)OC(=O)[P]2(c1c(cc(cc1C)C)C)c1c(cc(cc1C)C)C,-144.47357345,-10.3078989,-0.01683972999998673,-44.21270471586776
18,-151.62474753,data\raw\xyz\18\18CO2.xyz,[C@@H]12[C@H](CCC1)[B](c1c(F)c(F)c(F)c(F)c1F)(c1c(F)c(F)c(F)c(F)c1F)OC(=O)[P]2(c1c(cc(cc1C)C)C)c1c(cc(cc1C)C)C,-141.29364451,-10.3078989,-0.023204120000002604,-60.922408242441236
19,-123.70848832,data\raw\xyz\19\19CO2.xyz,[B]1(N2N([C](C=C2C(C)(C)C)C(C)(C)C)C(=O)O1)(c1c(F)c(F)c(F)c(F)c1F)c1c(F)c(F)c(F)c(F)c1F,-113.3408668,-10.3078989,-0.05972262000000228,-156.8017161154104
2,-143.14859766,data\raw\xyz\2\2CO2.xyz,[P]1(CC[B](c2c(c(c(c(c2F)F)F)F)F)(c2c(c(c(c(c2F)F)F)F)F)OC1=O)(c1c(cc(cc1C)C)C)c1c(cc(cc1C)C)C,-132.83348905,-10.3078989,-0.007209710000012137,-18.929090865342065
20,-148.42926567,data\raw\xyz\20\20CO2.xyz,C1/C(=C\C)/[B](c2c(F)c(F)c(F)c(F)c2F)(c2c(F)c(F)c(F)c(F)c2F)OC(=O)[P]1(c1c(cc(cc1C)C)C)c1c(cc(cc1C)C)C,-138.09727165,-10.3078989,-0.02409511999999836,-63.26172840385009
21,-157.48483984,data\raw\xyz\21\21CO2.xyz,C1/C(=C\[Si](C)(C)C)/[B](c2c(F)c(F)c(F)c(F)c2F)(c2c(F)c(F)c(F)c(F)c2F)OC(=O)[P]1(c1c(cc(cc1C)C)C)c1c(cc(cc1C)C)C,-147.16412076,-10.3078989,-0.012820180000005621,-33.659377718346356
22,-195.5880277,data\raw\xyz\22\22CO2.xyz,[B]1(CCC[P@@](CCCB(c2c(c(c(c(c2F)F)F)F)F)c2c(c(c(c(c2F)F)F)F)F)(c2ccccc2)C(=O)O1)(c1c(c(c(c(c1F)F)F)F)F)c1c(c(c(c(c1F)F)F)F)F,-185.31655922,-10.3078989,0.03643041999998786,95.64805386640853
23,-193.36698361,data\raw\xyz\23\23CO2.xyz,[P@]1(CCC[B](c2c(F)c(F)c(F)c(F)c2F)(c2c(F)c(F)c(F)c(F)c2F)OC1=O)(CCCB(c1c(F)c(F)c(F)c(F)c1F)c1c(F)c(F)c(F)c(F)c1F)C(C)(C)C,-183.08241798,-10.3078989,0.023333269999994855,61.26149151834389
24,-115.97369091,data\raw\xyz\24\24CO2.xyz,Fc1c(c(F)c(F)c(F)c1F)B(CCCN(C)c1ccccc1)c1c(F)c(F)c(F)c(F)c1F.O=C=O,-105.69338714,-10.3078989,0.027595129999994583,72.45100332883638
25,-195.99112232,data\raw\xyz\25\25CO2.xyz,Fc1c(c(F)c(F)c(F)c1F)[B]1(CCC[N](CCCB(c2c(F)c(F)c(F)c(F)c2F)c2c(F)c(F)c(F)c(F)c2F)(c2ccccc2)C(=O)O1)c1c(F)c(F)c(F)c(F)c1F,-185.70322303,-10.3078989,0.01999961000001349,52.50896845518362
26,-146.30673102,data\raw\xyz\26\26CO2.xyz,[P]1(CCC[B](c2c(F)c(F)c(F)c(F)c2F)(c2c(F)c(F)c(F)c(F)c2F)OC1=O)(c1c(C)cc(C)cc1C)c1c(C)cc(C)cc1C,-136.01091677,-10.3078989,0.01208464999999137,31.728243982810344
27,-146.30590452,data\raw\xyz\27\27CO2.xyz,[P]1([C@@H](C[B](c2c(F)c(F)c(F)c(F)c2F)(c2c(F)c(F)c(F)c(F)c2F)OC1=O)C)(c1c(C)cc(C)cc1C)c1c(C)cc(C)cc1C,-135.99180226,-10.3078989,-0.006203360000029079,-16.286919322799548
28,-158.01874983,data\raw\xyz\28\28CO2.xyz,[P]1([C@H](C[B](c2c(c(c(c(c2F)F)F)F)F)(c2c(c(c(c(c2F)F)F)F)F)OC1=O)c1ccccc1)(c1c(cc(cc1C)C)C)c1c(cc(cc1C)C)C,-147.7056713,-10.3078989,-0.005179629999986446,-13.599116596705015
29,-155.36644326,data\raw\xyz\29\29CO2.xyz,[P]1(C[C@H]([B](c2c(c(c(c(c2F)F)F)F)F)(c2c(c(c(c(c2F)F)F)F)F)OC1=O)[Si](C)(C)C)(c1c(cc(cc1C)C)C)c1c(cc(cc1C)C)C,-145.05143143,-10.3078989,-0.007112930000005235,-18.674995012100347
3,-133.96309855,data\raw\xyz\3\3CO2.xyz,[B]1(c2ccccc2C[N]2(C(CCCC2(C)C)(C)C)C(=O)O1)(c1c(F)c(F)c(F)c(F)c1F)c1c(F)c(F)c(F)c(F)c1F,-123.63654062,-10.3078989,-0.018659030000009125,-48.98927617459256
30,-149.47142556,data\raw\xyz\30\30CO2.xyz,[P]1(C[C@H](C[B](c2c(F)c(F)c(F)c(F)c2F)(c2c(F)c(F)c(F)c(F)c2F)OC1=O)C)(c1c(cc(cc1C)C)C)c1c(cc(cc1C)C)C,-139.1790389,-10.3078989,0.015512239999992516,40.72738022532915
31,-149.45980931,data\raw\xyz\31\31CO2.xyz,[P]1(CCCC[B](c2c(F)c(F)c(F)c(F)c2F)(c2c(c(c(c(c2F)F)F)F)F)OC1=O)(c1c(cc(cc1C)C)C)c1c(cc(cc1C)C)C,-139.16844197,-10.3078989,0.01653156000000422,43.40360449801828
32,-152.62197008,data\raw\xyz\32\32CO2.xyz,[P]1(CC[C@H](C[B](c2c(F)c(F)c(F)c(F)c2F)(c2c(c(c(c(c2F)F)F)F)F)OC1=O)C)(c1c(cc(cc1C)C)C)c1c(cc(cc1C)C)C,-142.33616188,-10.3078989,0.02209069999997837,57.99912445547721
33,-157.4248563,data\raw\xyz\33\33CO2.xyz,[B]1(c2ccccc2C[N]2([C@@H](C(c3cccc(c23)C(C)C)(C)C)c2ccccc2)C(=O)O1)(c1c(F)c(F)c(F)c(F)c1F)c1c(F)c(F)c(F)c(F)c1F,-147.10130291,-10.3078989,-0.015654490000002852,-41.10085754630129
34,-142.5458012,data\raw\xyz\34\34CO2.xyz,[B]1(c2ccccc2C[N]2(C(C[C@H](c3ccc(cc23)C)C)(C)C)C(=O)O1)(c1c(F)c(F)c(F)c(F)c1F)c1c(F)c(F)c(F)c(F)c1F,-132.21548344,-10.3078989,-0.022418859999987717,-58.86070841080095
35,-134.85586098,data\raw\xyz\35\35CO2.xyz,[B]1(c2ccccc2C[N]2(C(COCC2(C)C)(C)C)C(=O)O1)(c1c(F)c(F)c(F)c(F)c1F)c1c(F)c(F)c(F)c(F)c1F,-124.53282334,-10.3078989,-0.015138739999997597,-39.74675611727249
36,-133.96308105,data\raw\xyz\36\36CO2.xyz,[B]1(c2ccccc2C[N]2(C(CCCC2(C)C)(C)C)C(=O)O1)(c1c(F)c(F)c(F)c(F)c1F)c1c(F)c(F)c(F)c(F)c1F,-123.63554173,-10.3078989,-0.019640420000001768,-51.56591524664504
37,-147.92767589,data\raw\xyz\37\37CO2.xyz,[B]1(c2ccccc2C[N]2([C@@H](C(c3ccccc23)(C)C)c2ccccc2)C(=O)O1)(c1c(F)c(F)c(F)c(F)c1F)c1c(F)c(F)c(F)c(F)c1F,-137.60036187,-10.3078989,-0.019415119999990793,-50.97439018223023
38,-148.85950744,data\raw\xyz\38\38CO2.xyz,[B]1(c2ccccc2C[N]2(C(C)(C)C[C@@H](c3cccc(c23)C(C)C)C)C(=O)O1)(c1c(F)c(F)c(F)c(F)c1F)c1c(F)c(F)c(F)c(F)c1F,-138.53926613,-10.3078989,-0.012342410000002246,-32.404992764890096
39,-165.87644612,data\raw\xyz\39\39CO2.xyz,[B]1(c2ccccc2C[N]2([C@@]3([C@](c4ccccc24)(C)CC[C@H](C3)C(C)C)c2ccccc2)C(=O)O1)(c1c(F)c(F)c(F)c(F)c1F)c1c(F)c(F)c(F)c(F)c1F,-155.56044695,-10.3078989,-0.00810026999999991,-21.26725580689716
4,-123.9961397,data\raw\xyz\4\4CO2.xyz,[P]1([B](c2c(F)c(F)c(F)c(F)c2F)(c2c(F)c(F)c(F)c(F)c2F)OC1=O)(C1CCCCC1)C1CCCCC1,-113.67619863,-10.3078989,-0.012042170000000851,-31.616712758977634
40,-150.06199287,data\raw\xyz\40\40CO2.xyz,[B]1(c2ccc3ccccc3c2-c2c(ccc3ccccc23)[N](C)(C(C)C)C(=O)O1)(c1c(F)c(F)c(F)c(F)c1F)c1c(F)c(F)c(F)c(F)c1F,-139.76485961,-10.3078989,0.010765639999988252,28.265183729025956
41,-69.88274616,data\raw\xyz\41\41CO2.xyz,P1(F)(c2ccccc2)(c2ccccc2N(C)C(=O)O1)c1ccccc1,-59.53026589,-10.3078989,-0.04458136999998885,-117.04836999405013
42,-77.36040714,data\raw\xyz\42\42CO2.xyz,C1(=C[N]2(CCN(C)CC2)C(=O)O[Al]1(CC(C)C)CC(C)C)[Si](C)(C)C,-67.01880356,-10.3078989,-0.03370468000001381,-88.49162453225786
43,-116.97156265,data\raw\xyz\43\43CO2.xyz,C1=C[C]2N(C(=C1)C(C)(C)C)C(=O)O[B](c1c(c(c(c(c1F)F)F)F)F)(c1c(c(c(c(c1F)F)F)F)F)O2,-106.64738987,-10.3078989,-0.016273879999999963,-42.7270657559255
44,-82.79293571,data\raw\xyz\44\44CO2.xyz,O1c2ccccc2O[B]21c1ccccc1[P](c1ccccc1)(c1ccccc1)C(=O)O2,-72.50566722,-10.3078989,0.020630410000009647,54.16513361546953
5,-113.3514855,data\raw\xyz\5\5CO2.xyz,[P]1([B](c2c(F)c(F)c(F)c(F)c2F)(c2c(F)c(F)c(F)c(F)c2F)OC1=O)(C(C)(C)C)C(C)(C)C,-103.02498364,-10.3078989,-0.018602959999995505,-48.8420644108634
51,-133.5948855,data\raw\xyz\51\51CO2.xyz,C1C[B@H](c2c(cc(cc2C(F)(F)F)C(F)(F)F)C(F)(F)F)OC(=O)[P]1(c1c(cc(cc1C)C)C)c1c(cc(cc1C)C)C,-123.26103175,-10.3078989,-0.02595485000000508,-68.14444881217034
52,-119.08140664,data\raw\xyz\52\52CO2.xyz,C1CC[B](c2c(F)c(F)c(F)c(F)c2F)(c2c(F)c(F)c(F)c(F)c2F)OC(=O)[N]21[C@H](CCC[C@@H]2C)C,-108.78397141,-10.3078989,0.010463670000007141,27.47236160882415
53,-125.37948473,data\raw\xyz\53\53CO2.xyz,[N]1(/C=C/C)(C(CCCC1(C)C)(C)C)C(=O)O[BH](c1c(F)c(F)c(F)c(F)c1F)c1c(F)c(F)c(F)c(F)c1F,-115.08546425,-10.3078989,0.013878419999997504,36.437786436193846
54,-198.80968414,data\raw\xyz\54\54CO2.xyz,C1C[B](c2c(F)c(F)c(F)c(F)c2F)(c2c(F)c(F)c(F)c(F)c2F)O[C]2[P@@]1(CC[B](c1c(F)c(F)c(F)c(F)c1F)(c1c(F)c(F)c(F)c(F)c1F)O2)c1c(cc(cc1C)C)C,-188.44755438,-10.3078989,-0.05423085999998989,-142.38310232224666
55,-85.2466361,data\raw\xyz\55\55CO2.xyz,c12ccccc1C[N]1(C(CCCC1(C)C)(C)C)C(=O)O[B@]12[C@@H]2CCC[C@H]1CCC2,-74.94610846,-10.3078989,0.0073712599999993245,19.353240328919426
56,-79.00537416,data\raw\xyz\56\56CO2.xyz,C[C@H]1[B@@]23[C@@H](C)[C@H]4C[C@@H]1C[C@H](C4)C1=C2[N]2([C@H]([C@H]4C[C@@H]([C@H]2C)C[C@@H]1C4)C)C(=O)O3,-68.66175015,-10.3078989,-0.03572511000000134,-93.79626272946172
57,-141.30695998,data\raw\xyz\57\57CO2.xyz,[C@@H]12C[C@@H]3C[N@@](C[C@H](C1)C3)[C@@H]2c1cccc([C@]2([C@@]3(C([C@@]4(C([B@]2(C([C@](C3(F)F)(C4(F)F)F)(F)F)O[C][O])(F)F)F)(F)F)F)F)c1,-130.96953079,-10.3078989,-0.02953028999999674,-77.53176517348125
58,-65.73419122,data\raw\xyz\58\58CO2.xyz,[C@@H]1(CC[C@@H]([P@@]21[B](C(F)(F)F)(C(F)(F)F)OC2=O)C)C,-55.40347254,-10.3078989,-0.02281977999999185,-59.91332371846221
59,-73.71718914,data\raw\xyz\59\59CO2.xyz,[C@H]12CCCC[NH]1C(=O)O[B]2(c1c(cccc1C)C)c1c(cccc1C)C,-63.38727018,-10.3078989,-0.022020060000002672,-57.81365916238422
6,-154.33294147,data\raw\xyz\6\6CO2.xyz,C1=C([Si](C)(C)C)[P](c2c(cc(cc2C)C)C)(c2c(cc(cc2C)C)C)C(=O)O[B]1(c1c(F)c(F)c(F)c(F)c1F)c1c(F)c(F)c(F)c(F)c1F,,-10.3078989,,
60,-62.67251641,data\raw\xyz\60\60CO2.xyz,[C]12N3C(CCN1C=C1N2[B@](C(CC1)(C)C)(C)OC3=O)(C)C,-52.3169924,-10.3078989,-0.04762511000000558,-125.03970820747284
61,-73.28327332,data\raw\xyz\61\61CO2.xyz,C1=C2N3[C]4N(C(CCN14)(C)C)C(=O)O[B@]13[C@@]3(CCC[C@H]1CCC3)CC2,-62.9409365,-10.3078989,-0.03443792000000201,-90.41674587359567
62,-78.56744411,data\raw\xyz\62\62CO2.xyz,[C@@H]1([P@]2(CC[B@]1(c1c(c(c(c(c1F)F)F)F)F)OC2=O)c1ccccc1)C,-68.25072678,-10.3078989,-0.00881843000000515,-23.152784614010123
63,-140.97090501,data\raw\xyz\63\63CO2.xyz,[P]1(O[B](c2c(F)c(F)c(F)c(F)c2F)(c2c(F)c(F)c(F)c(F)c2F)OC1=O)(c1c(cc(cc1C)C)C)c1c(cc(cc1C)C)C,-130.65329135,-10.3078989,-0.009714760000008482,-25.50609868841347
64,-163.36907786,data\raw\xyz\64\64CO2.xyz,c1(cccc(c1[P@]12CC[C@H](C1)[B](c1c(F)c(F)c(F)c(F)c1F)(c1c(c(F)c(c(c1F)F)F)F)OC2=O)c1c(cc(cc1C)C)C)c1c(cc(cc1C)C)C,-153.04960779,-10.3078989,-0.0115711699999963,-30.380102437945688
65,-144.77208971,data\raw\xyz\65\65CO2.xyz,[C]1([CH][B@@H](c2c(cc(cc2C(F)(F)F)C(F)(F)F)C(F)(F)F)OC(=O)[P]1(c1c(cc(cc1C)C)C)c1c(cc(cc1C)C)C)[Si](C)(C)C,-134.43992418,-10.3078989,-0.024266629999999623,-63.71202784367961
66,-86.28745963,data\raw\xyz\66\66CO2.xyz,B(N(C(C)C)C(C)C)(N(C(C)C)C(C)C)OC(=O)P(C(C)(C)C)C(C)(C)C,-75.93256732,-10.3078989,-0.0469934099999989,-123.38118009750133
67,-107.89858173,data\raw\xyz\67\67CO2.xyz,C1(=C([Al](C(C)(C)C)(C(C)(C)C)OC(=O)[P]1(c1c(cc(cc1C)C)C)c1c(cc(cc1C)C)C)CC)CC,-97.56788972,-10.3078989,-0.022793110000009165,-59.84330164364226
68,-127.85587728,data\raw\xyz\68\68CO2.xyz,[P]1(C[Si](C(F)(F)C(F)(F)F)(C(F)(F)C(F)(F)F)(C(F)(F)C(F)(F)F)OC1=O)(C(C)(C)C)C(C)(C)C,-117.52398629,-10.3078989,-0.023992090000007238,-62.9912231780248
69,-58.41029133,data\raw\xyz\69\69CO2.xyz,C1[Si](F)(F)(F)OC(=O)[P]1(C(C)(C)C)C(C)(C)C,-48.09544385,-10.3078989,-0.006948579999999538,-18.24349414953839
7,-133.11960953,data\raw\xyz\7\7CO2.xyz,[B]1(c2ccccc2[N](c2ccccc2)(c2ccccc2)C(=O)O1)(c1c(F)c(F)c(F)c(F)c1F)c1c(F)c(F)c(F)c(F)c1F,-122.79748172,-10.3078989,-0.014228909999985717,-37.3579977979767
70,-57.78952962,data\raw\xyz\70\70CO2.xyz,C1[Si](Cl)(Cl)(Cl)OC(=O)[P]1(C(C)(C)C)C(C)(C)C,-47.48733379,-10.3078989,0.005703069999995591,14.973408117821826
71,-74.30807963,data\raw\xyz\71\71CO2.xyz,C1[P](C(C)(C)C)(C(C)(C)C)C(=O)O[B]1(c1ccccc1)c1ccccc1,-63.97829315,-10.3078989,-0.021887579999997797,-57.46583297271382
72,-137.72275396,data\raw\xyz\72\72CO2.xyz,C1[P](C(C)(C)C)(C(C)(C)C)C(=O)O[B]1(c1cc(cc(c1)C(F)(F)F)C(F)(F)F)c1cc(cc(c1)C(F)(F)F)C(F)(F)F,-127.37846812,-10.3078989,-0.03638693999999987,-95.53389714296246
73,-122.31501829,data\raw\xyz\73\73CO2.xyz,[N]1([C@@H](C[B](c2c(F)c(F)c(F)c(F)c2F)(c2c(F)c(F)c(F)c(F)c2F)OC1=O)c1ccccc1)(CC)CC,-112.00973668,-10.3078989,0.002617290000003436,6.871693900438822
74,-124.48296498,data\raw\xyz\74\74CO2.xyz,[N]12([C@@H](C[B](c3c(F)c(F)c(F)c(F)c3F)(c3c(F)c(F)c(F)c(F)c3F)OC2=O)c2ccccc2)CCCCC1,-114.17195322,-10.3078989,-0.0031128600000016604,-8.17281274711756
75,-130.78979878,data\raw\xyz\75\75CO2.xyz,[N]12([C@@H](C([B](c3c(F)c(F)c(F)c(F)c3F)(c3c(F)c(F)c(F)c(F)c3F)OC2=O)(C)C)c2ccccc2)CCCCC1,-120.49095675,-10.3078989,0.009056869999994888,23.77880874337598
76,-121.25770998,data\raw\xyz\76\76CO2.xyz,[N]12([C@H]3[C@H]([B](c4c(F)c(F)c(F)c(F)c4F)(c4c(F)c(F)c(F)c(F)c4F)OC2=O)CCCC3)CCCCC1,-110.93240462,-10.3078989,-0.017406460000003676,-45.700654115554855
77,-118.08973241,data\raw\xyz\77\77CO2.xyz,[B]1([C@H]2[C@@H](CCCC2)[N]2(CCCC2)C(=O)O1)(c1c(F)c(F)c(F)c(F)c1F)c1c(F)c(F)c(F)c(F)c1F,-107.76761751,-10.3078989,-0.01421600000000467,-37.32410259793226
78,-160.18754214,data\raw\xyz\78\78CO2.xyz,c12c(cccc1)[C@@H]1C[C@H]2[P](c2c(cc(cc2C)C)C)(c2c(cc(cc2C)C)C)C(=O)O[B]1(c1c(c(c(c(c1F)F)F)F)F)c1c(c(c(c(c1F)F)F)F)F,-149.84546366,-10.3078989,-0.03417957999999999,-89.73847430175957
79,-169.61879176,data\raw\xyz\79\79CO2.xyz,c1cc(c2c(c1)c1c(c(ccc1)B(c1c(c(c(c(c1F)F)F)F)F)c1c(c(c(c(c1F)F)F)F)F)o2)P(=O)(c1c(cc(cc1C)C)C)c1c(cc(cc1C)C)C.[C]=O,-159.35319773,-10.3078989,0.04230487000000949,111.07142010917431
8,-109.67269099,data\raw\xyz\8\8CO2.xyz,[B]1(c2ccccc2[N](C)(C)C(=O)O1)(c1c(F)c(F)c(F)c(F)c1F)c1c(F)c(F)c(F)c(F)c1F,-99.35056294,-10.3078989,-0.014229150000005575,-37.35862791793764
80,-179.16531571,data\raw\xyz\80\80CO2.xyz,c1c2c3c(cc1)C(c1c(c(ccc1)[B](c1c(c(c(c(c1F)F)F)F)F)(c1c(c(c(c(c1F)F)F)F)F)OC(=O)[P]2(c1c(cc(cc1C)C)C)c1c(cc(cc1C)C)C)O3)(C)C,-168.84801275,-10.3078989,-0.009404059999980063,-24.690355956404858
81,-149.37000424,data\raw\xyz\81\81CO2.xyz,c1c2c3c(cc1)C(c1c(c(ccc1)[B](c1c(c(c(c(c1F)F)F)F)F)(c1c(c(c(c(c1F)F)F)F)F)OC(=O)[P]2(C(C)C)C(C)C)O3)(C)C,-139.0503586,-10.3078989,-0.011746739999978217,-30.84106140618161
83,-160.1524778,data\raw\xyz\83\83CO2.xyz,[P]1(c2c3Oc4c([B](c5c(F)c(F)c(F)c(c5F)F)(c5c(c(c(c(c5F)F)F)F)F)OC1=O)cccc4C(c3ccc2)(C)C)(c1ccccc1)c1ccccc1,-149.8319765,-10.3078989,-0.012602400000019998,-33.0875964111405
84,-179.25976898,data\raw\xyz\84\84CO2.xyz,[P]1(C2=C3[C@@H]([C@H](C=C2[B](c2c(F)c(F)c(F)c(F)c2F)(c2c(F)c(F)c(F)c(F)c2F)OC1=O)c1ccccc1)CCCC3)(c1c(cc(cc1C)C)C)c1c(cc(cc1C)C)C,-168.93134305,-10.3078989,-0.02052702999998246,-53.89370946468255
85,-178.26479599,data\raw\xyz\85\85CO2.xyz,[P]1(c2c([B](c3c(F)c(F)c(F)c(F)c3F)(c3c(F)c(F)c(F)c(F)c3F)OC1=O)cc(c1c2CCCC1)c1ccccc1)(c1c(cc(cc1C)C)C)c1c(cc(cc1C)C)C,-167.93757692,-10.3078989,-0.019320170000014514,-50.72509899337351
86,-167.55962076,data\raw\xyz\86\86CO2.xyz,[P]1(c2c(cc(cc2C)C(C)(C)C)[B](c2c(c(c(c(c2F)F)F)F)F)(c2c(c(c(c(c2F)F)F)F)F)OC1=O)(c1c(cc(cc1C)C)C)c1c(cc(cc1C)C)C,-157.22687395,-10.3078989,-0.024847910000005413,-65.23817826280842
87,-169.78007776,data\raw\xyz\87\87CO2.xyz,[P]1(c2c(cc(cc2C)c2ccccc2)[B](c2c(c(c(c(c2F)F)F)F)F)(c2c(c(c(c(c2F)F)F)F)F)OC1=O)(c1c(cc(cc1C)C)C)c1c(cc(cc1C)C)C,-159.44794289,-10.3078989,-0.024235970000006546,-63.63153002534859
88,-110.14155666,data\raw\xyz\88\88CO2.xyz,[P]1(c2c(cc(cc2C)C)C)(c2c(cc(cc2C)C)C)[C]([Al](C(C)(C)C)(C(C)(C)C)OC1=O)[CH]c1ccccc1,-99.7881978,-10.3078989,-0.0454599600000023,-119.35510770522123
89,-116.45870251,data\raw\xyz\89\89CO2.xyz,C(=C\c1ccccc1)(/P(c1c(C)cc(C)cc1C)c1c(C)cc(C)cc1C)\[Al](CC(C)(C)C)CC(C)(C)C.O=C=O,-106.14230692,-10.3078989,-0.008496690000001195,-22.30805636626094
9,-130.79817144,data\raw\xyz\9\9CO2.xyz,c12ccccc1[N]1(C(CCCC1(C)C)(C)C)C(=O)O[B]2(c1c(F)c(F)c(F)c(F)c1F)c1c(c(c(c(c1F)F)F)F)F,-120.48356587,-10.3078989,-0.006706669999999804,-17.608359536464885
90,,data\raw\xyz\90\90CO2.xyz,[H].[Si](C)(C)[CH2],-103.07930696,-10.3078989,,
91,-116.6560888,data\raw\xyz\91\91CO2.xyz,[Al](C([Si](C)(C)C)[Si](C)(C)C)(C([Si](C)(C)C)[Si](C)(C)C)OC(=O)/C(=C/C(C)(C)C)/PC([Si](C)(C)C)[Si](C)(C)C,-106.28602118,-10.3078989,-0.06216872000000251,-163.223950735893
94,-124.25384077,data\raw\xyz\94\94CO2.xyz,[S@@]1(c2ccc(cc2)C)/C(=C\C(C)(C)C)/[B](c2c(F)c(F)c(F)c(F)c2F)(c2c(F)c(F)c(F)c(F)c2F)OC1=O,-113.9399937,-10.3078989,-0.005948169999996367,-15.616918074685861
95,-130.3813673,data\raw\xyz\95\95CO2.xyz,[P@@H]1(/C(=C\C(C)(C)C)/[B](c2c(c(c(c(c2F)F)F)F)F)(c2c(c(c(c(c2F)F)F)F)F)OC1=O)c1c(C)cc(C)cc1C,-120.05475142,-10.3078989,-0.018716979999993555,-49.14142387753068
96,-180.14551985,data\raw\xyz\96\96CO2.xyz,[P]1(c2c(c(c(c(c2F)F)F)F)F)(c2c(c(c(c(c2F)F)F)F)F)/C(=C\c2ccccc2)/[B](c2c(c(c(c(c2F)F)F)F)F)(c2c(c(c(c(c2F)F)F)F)F)OC1=O,-169.8313017,-10.3078989,-0.0063192499999900065,-16.59118847365876
97,-65.82510054,data\raw\xyz\97\97CO2.xyz,[N@@]12[C]3[N@](CCCN3C(=O)O[B@]32[C@H]2CCC[C@@H]3CCC2)CCC1,-55.46717235,-10.3078989,-0.05002928999999767,-131.35188188386368
98,-78.5010398,data\raw\xyz\98\98CO2.xyz,[N@@]12[C]3[N@@](CCCN3C(=O)O[B]2(C2CCCCC2)C2CCCCC2)CCC1,-68.15159935,-10.3078989,-0.041541550000005145,-109.0673237392245
99,-53.93864306,data\raw\xyz\99\99CO2.xyz,Cl[Si]1([N@]2[C]3N(CCC[N@]3CCC2)C(=O)O1)(C)C,-43.61219553,-10.3078989,-0.018548629999997956,-48.69942101651524
