xyz_path,filename,smiles,error,flp_id,energy_Eh,homo_eV,lumo_eV,gap_eV,Sterimol_L,Sterimol_B1,Sterimol_B5
data\raw\xyz\1\1.xyz,1.xyz,c1(c(c(c(c(c1P(c1c(cc(cc1C)C)C)c1c(cc(cc1C)C)C)F)F)B(c1c(c(c(c(c1F)F)F)F)F)c1c(c(c(c(c1F)F)F)F)F)F)F,,1,-158.26546325,-10.2385,-9.4958,0.74264342,9.391681872726654,4.015971024995162,7.663484533682629
data\raw\xyz\10\10.xyz,10.xyz,c1(ccccc1N1C(CCCC1(C)C)(C)C)B,,10,-48.5226073,-8.8769,-7.3528,1.52409009,4.721954099356051,2.872468650983228,5.29084295762928
data\raw\xyz\103\103.xyz,103.xyz,P1(B(c2cccc3cccc1c23)c1c(cc(cc1C)C)C)c1c(cc(cc1C)C)C,,103,-77.99651161,-9.2569,-7.6737,1.58320383,7.879349440854763,3.4337757588715725,7.607485512605139
data\raw\xyz\104\104.xyz,104.xyz,P1(B(c2cccc3cccc1c23)c1c(cccc1C)C)c1c(cccc1C)C,,104,-71.65510009,-9.3736,-7.7531,1.62047104,6.58912986165722,3.443199153078261,6.784774277513007
data\raw\xyz\105\105.xyz,105.xyz,[P]1([B](c2c3c1cccc3ccc2)(c1c(cc(cc1C)C)C)c1c(cc(cc1C)C)C)(C(C)C)C(C)C,,105,-97.98479697,-9.408,-7.0178,2.39015216,7.584064053554819,4.729355216681192,7.674196018306254
data\raw\xyz\106\106.xyz,106.xyz,c12cccc3cccc(c13)[B]([P]2(C(C)C)C(C)C)(C1CCCCC1)C1CCCCC1,,106,-85.1710791,-9.514,-6.8963,2.61769576,4.651183008831173,4.066022775877201,7.3466410923744565
data\raw\xyz\107\107.xyz,107.xyz,c12cccc3cccc(c13)[B]1(c3ccccc3-c3ccccc13)[P]2(C(C)C)C(C)C,,107,-77.99234912,-9.5358,-7.1277,2.40809998,4.651278742768438,3.7238703633403856,6.16650248545583
data\raw\xyz\108\108.xyz,108.xyz,[B]1(c2c3c(cccc3ccc2)[P]1(c1ccccc1)c1ccccc1)(c1c(cc(cc1C)C)C)c1c(cc(cc1C)C)C,,108,-108.77087002,-9.45,-7.1463,2.30366513,7.628384158198408,4.698773891636481,7.6571679068345695
data\raw\xyz\109\109.xyz,109.xyz,B(c1c2c(ccc3c2c(cc1)CC3)P(c1ccccc1)c1ccccc1)(c1c(cc(cc1C)C)C)c1c(cc(cc1C)C)C,,109,-114.08983704,-9.4722,-7.1578,2.31439338,7.749666421705207,4.772135213540055,7.633767672876523
data\raw\xyz\11\11.xyz,11.xyz,c1(ccccc1N1C(CCCC1(C)C)(C)C)B(Cl)Cl,,11,-56.68510462,-9.246,-7.6271,1.61886597,4.714361744986004,3.306013763376941,5.4046765717273235
data\raw\xyz\111\111.xyz,111.xyz,P(c1ccccc1)(c1c2-c3c(cccc3-c2ccc1)B(c1c(cc(cc1C)C)C)c1c(cc(cc1C)C)C)c1ccccc1,,111,-112.98592892,-9.7002,-7.2752,2.42499469,8.257272562362477,4.7071989155767735,10.18443441163913
data\raw\xyz\112\112.xyz,112.xyz,P(c1cccc2-c3cccc(c3-c12)B(c1c(F)c(F)c(F)c(F)c1F)c1c(F)c(F)c(F)c(F)c1F)(c1c(cc(cc1C)C)C)c1c(cc(cc1C)C)C,,112,-155.19850967,-9.8455,-9.0513,0.79416899,7.2855994057224365,5.468364545611678,8.143223257216423
data\raw\xyz\113\113.xyz,113.xyz,P(c1ccccc1B(c1c(cc(cc1C)C)C)c1c(cc(cc1C)C)C)(C1CCCCC1)C1CCCCC1,,113,-105.36899384,-9.4484,-7.13,2.31838799,9.574026013692906,4.793648203046685,7.522314668169914
data\raw\xyz\114\114.xyz,114.xyz,B([C@H]1[C@H](N2CCCCC2)CCC1)(c1c(F)c(F)c(F)c(F)c1F)c1c(F)c(F)c(F)c(F)c1F,,114,-107.74516698,-9.8533,-9.0487,0.8046291,7.174188787206017,4.046261037474574,7.180249978830377
data\raw\xyz\115\115.xyz,115.xyz,c1cc2c(cc1)[N]([BH2]2)(C)C,,115,-27.3887485,-10.015,-5.8496,4.16546262,5.7333233227201035,1.7,6.140235167424942
data\raw\xyz\12\12.xyz,12.xyz,c1(ccccc1N1C(CCCC1(C)C)(C)C)BCl,,12,-52.60968889,-9.0918,-7.5955,1.49630947,4.711420922029034,3.2341321276638757,5.291430498187264
data\raw\xyz\120\120.xyz,120.xyz,N1(CCCB(c2c(F)c(F)c(F)c(F)c2F)c2c(F)c(F)c(F)c(F)c2F)C(CCCC1(C)C)(C)C,,120,-115.08566456,-9.505,-9.1703,0.33465741,11.86914833392196,3.337830496755254,7.552843007481366
data\raw\xyz\122\122.xyz,122.xyz,P(c1c(B(OC)OC)cccc1)(c1ccccc1)c1ccccc1,,122,-64.93225729,-9.6432,-6.5313,3.11185458,7.226589290711203,2.26416158006922,6.718522648608188
data\raw\xyz\123\123.xyz,123.xyz,P(c1c(B2OC(C(O2)(C)C)(C)C)cccc1)(c1ccccc1)c1ccccc1,,123,-76.60715916,-9.6139,-6.5855,3.02837214,7.234805584379108,3.061652412875665,8.012308767541157
data\raw\xyz\124\124.xyz,124.xyz,P(c1c(B2OCC(CO2)(C)C)cccc1)(c1ccccc1)c1ccccc1,,124,-73.43723683,-9.6445,-6.4891,3.15540663,7.223849161626786,2.5237064380967515,8.42852261296402
data\raw\xyz\125\125.xyz,125.xyz,P(c1c(B(OC)OC)cccc1)(C(C)C)C(C)C,,125,-54.15067181,-9.4937,-6.1338,3.35988447,7.201188407001837,3.7754728073504413,6.652455523874613
data\raw\xyz\126\126.xyz,126.xyz,P(c1c(b2oc3c(o2)cccc3)cccc1)(C(C)C)C(C)C,,126,-61.72677953,-9.587,-6.8187,2.76823367,7.247180456164713,3.6985433231956173,9.208942623559304
data\raw\xyz\127\127.xyz,127.xyz,P(c1c(B2OC(C(O2)(C)C)(C)C)cccc1)(C(C)C)C(C)C,,127,-65.82695582,-9.376,-6.4264,2.9496008,7.2462483409482195,3.4390261373303987,8.053506481445135
data\raw\xyz\129\129.xyz,129.xyz,Cc1cc(C)cc(c1B(c1c(C)cc(C)cc1C)c1c(N(C)C)cccc1)C,,129,-76.15110419,-9.2368,-6.9788,2.25798063,7.298179882531361,2.00648170668299,10.171882546302845
data\raw\xyz\13\13.xyz,13.xyz,c1(ccccc1N1C(CCCC1(C)C)(C)C)B(c1c(F)c(F)c(F)c(F)c1F)Cl,,13,-88.58359008,-9.604,-8.1569,1.447106,4.700303863250879,3.9286525952918008,6.794901137973542
data\raw\xyz\130\130.xyz,130.xyz,Cc1cc(C)c(C)cc1B(c1c(C)cc(C)c(C)c1)c1c(N(C)C)cccc1,,130,-76.15413908,-9.1539,-6.9757,2.17820644,7.148492812929349,2.043284931033215,10.444314132415208
data\raw\xyz\131\131.xyz,131.xyz,[P]1(CC(=CC[B]1(c1c(F)c(F)c(F)c(F)c1F)c1c(c(c(c(c1F)F)F)F)F)C)(c1c(cc(cc1C)C)C)c1c(cc(cc1C)C)C,,131,-141.29895655,-10.3942,-7.4505,2.94370891,6.0967948248501065,5.027357219130493,8.393519097281954
data\raw\xyz\132\132.xyz,132.xyz,[P]1(CC(=CC[B]1(c1c(F)c(F)c(F)c(F)c1F)c1c(c(c(c(c1F)F)F)F)F)C)(C(C)(C)C)C(C)(C)C,,132,-117.82397046,-10.5505,-7.4706,3.07990544,6.072331417506582,4.195495007135307,8.598267461119413
data\raw\xyz\133\133.xyz,133.xyz,[P]1(CC(=CC[B]1(c1c(F)c(F)c(F)c(F)c1F)c1c(c(c(c(c1F)F)F)F)F)C)(c1ccccc1)c1ccccc1,,133,-122.29366486,-10.592,-7.5033,3.08861128,6.032664242427916,4.66083018010688,8.449104434407088
data\raw\xyz\134\134.xyz,134.xyz,[B]1(C[C]2C=CC=C(C)N12)(c1c(c(c(c(c1F)F)F)F)F)c1c(c(c(c(c1F)F)F)F)F,,134,-96.22555039,-11.4537,-8.2143,3.23948763,6.4454319980441195,3.0979797372675986,6.518981785395607
data\raw\xyz\135\135.xyz,135.xyz,[B]1(C[C]2C=CC=CN12)(c1c(c(c(c(c1F)F)F)F)F)c1c(c(c(c(c1F)F)F)F)F,,135,-93.04902509,-11.594,-8.4299,3.16409396,6.493334332062963,3.0703942382572436,6.441005228619335
data\raw\xyz\136\136.xyz,136.xyz,[B]1(C[C]2C=C(C=C(C)N12)N(C)C)(c1c(c(c(c(c1F)F)F)F)F)c1c(c(c(c(c1F)F)F)F)F,,136,-106.00548832,-10.7955,-7.4742,3.32133535,8.726140603308426,3.0845857310286755,6.55509897906469
data\raw\xyz\137\137.xyz,137.xyz,[B]1(C[C]2C=C(C=C(C)N12)N1CCCCC1)(c1c(c(c(c(c1F)F)F)F)F)c1c(c(c(c(c1F)F)F)F)F,,137,-114.49038075,-10.6723,-7.4554,3.21689062,10.441426569916947,3.0840690731515363,6.564228060490951
data\raw\xyz\138\138.xyz,138.xyz,[B]1(c2c(c(c(c(c2F)F)F)F)F)(c2c(c(c(c(c2F)F)F)F)F)N2[C](C=CC=C2C)CCCC1,,138,-105.72141143,-11.0914,-8.5082,2.58317647,6.293346878205089,3.821063969725199,6.994363080190576
data\raw\xyz\139\139.xyz,139.xyz,B(c1c(c(c(c(c1F)F)F)F)F)(c1c(c(c(c(c1F)F)F)F)F)CCCCC1=[N]=C([CH]C=C1)C(C)(C)C,,139,-115.16936469,-9.7887,-9.3409,0.44781198,13.494818799402319,2.723674074144939,7.158601705977032
data\raw\xyz\14\14.xyz,14.xyz,,OpenBabel produced no output,14,,,,,,,
data\raw\xyz\140\140.xyz,140.xyz,P(c1ccc([C@H]2[C@H](B(c3c(F)c(F)c(F)c(F)c3F)c3c(F)c(F)c(F)c(F)c3F)[C@H]3CC[C@@]2(C3(C)C)C)cc1)(C(C)(C)C)C(C)(C)C,,140,-147.53015077,-9.6311,-8.835,0.79608231,13.113792641192193,4.053729280328534,8.866495411276922
data\raw\xyz\141\141.xyz,141.xyz,[C@]12([C@@H]([C@H]([C@@H](CC1)C2(C)C)B(c1c(F)c(F)c(F)c(F)c1F)c1c(F)c(F)c(F)c(F)c1F)N1CCCCC1)C,,141,-122.55482071,-9.6783,-8.9937,0.68455348,9.4380277577412,4.27865375512882,9.357413902246815
data\raw\xyz\148\148.xyz,148.xyz,P(/C(=C(\B(c1c(F)c(F)c(F)c(F)c1F)c1c(F)c(F)c(F)c(F)c1F)/c1c(F)c(F)c(F)c(F)c1F)/c1ccccc1)(c1c(cc(cc1C)C)C)c1c(cc(cc1C)C)C,,148,-182.64937878,-10.2597,-8.9191,1.34059649,10.97632190524252,4.302500847924664,7.811957262704249
data\raw\xyz\149\149.xyz,149.xyz,C1(=C(c2c(F)c(F)c(F)c(F)c2F)[B](c2c(F)c(F)c(F)c(F)c2F)(c2c(F)c(F)c(F)c(F)c2F)[P]1(c1c(cc(cc1C)C)C)c1c(cc(cc1C)C)C)c1ccc(cc1)C,,149,-185.83216674,-10.9146,-7.9808,2.93373853,8.323971308890249,5.050958248324195,8.800442839353506
data\raw\xyz\15\15.xyz,15.xyz,c12ccccc1[N](C)(C)[B]2(Cl)Cl,,15,-35.54071957,-10.6577,-6.7202,3.93749455,4.615773097270609,3.2146903306077386,4.48107366790673
data\raw\xyz\150\150.xyz,150.xyz,C1(=C(c2c(F)c(F)c(F)c(F)c2F)[B](c2c(F)c(F)c(F)c(F)c2F)(c2c(F)c(F)c(F)c(F)c2F)[P]1(c1ccccc1)c1ccccc1)C,,150,-151.93113084,-11.3996,-8.2351,3.16450357,7.114358752866663,4.463563635450206,7.879662939927332
data\raw\xyz\151\151.xyz,151.xyz,C1(=C(c2c(F)c(F)c(F)c(F)c2F)[B](c2c(F)c(F)c(F)c(F)c2F)(c2c(F)c(F)c(F)c(F)c2F)[P]1(c1ccccc1)c1ccccc1)CCC,,151,-158.2619881,-11.3842,-8.1805,3.20370437,7.1478030321182455,4.7815538460046385,7.8763511495273315
data\raw\xyz\152\152.xyz,152.xyz,P([C@@H](CC)B(c1c(F)c(F)c(F)c(F)c1F)c1c(F)c(F)c(F)c(F)c1F)(c1c(F)c(F)c(F)c(F)c1F)c1c(F)c(F)c(F)c(F)c1F,,152,-159.15690829,-11.7322,-9.7617,1.97049692,8.299861115694183,5.1656913629939725,8.081155121063086
data\raw\xyz\153\153.xyz,153.xyz,P([C@@H](CB(c1c(F)c(F)c(F)c(F)c1F)c1c(F)c(F)c(F)c(F)c1F)C)(c1c(F)c(F)c(F)c(F)c1F)c1c(F)c(F)c(F)c(F)c1F,,153,-159.15768892,-11.5256,-9.7005,1.82515956,7.3871138355268045,3.1083520663251227,9.494138748436363
data\raw\xyz\154\154.xyz,154.xyz,[P](C(C)(C)C)(CC[B](c1c(F)c(F)c(F)c(F)c1F)(c1c(F)c(F)c(F)c(F)c1F)c1c(F)c(F)c(F)c(F)c1F)(C(C)(C)C)C(C)(C)C,,154,-159.00832975,-11.0621,-7.2837,3.77841736,10.334374295032076,4.027740793837789,9.560537010555244
data\raw\xyz\155\155.xyz,155.xyz,[P](C(C)(C)C)([C@H](C[B](c1c(F)c(F)c(F)c(F)c1F)(c1c(F)c(F)c(F)c(F)c1F)c1c(F)c(F)c(F)c(F)c1F)C)(C(C)(C)C)C(C)(C)C,,155,-162.1569118,-11.0509,-7.2418,3.8090982,10.137238078260657,4.075108828093899,9.876124719076063
data\raw\xyz\156\156.xyz,156.xyz,[P]([C@@H](C[B](c1c(F)c(F)c(F)c(F)c1F)(c1c(F)c(F)c(F)c(F)c1F)c1c(F)c(F)c(F)c(c1F)F)CCCC)(C(C)(C)C)(C(C)(C)C)C(C)(C)C,,156,-171.64668755,-11.003,-7.2469,3.7560835,10.812629272303033,4.569906234998701,7.995178446130014
data\raw\xyz\157\157.xyz,157.xyz,P(c1ccccc1)(/C(=C\C(C)(C)C)/[Al](CC)CC)CC,,157,-57.3401422,-9.191,-6.2738,2.91723136,7.21938342983771,3.2279501475502674,7.347060509335148
data\raw\xyz\16\16.xyz,16.xyz,P([C@H]1[C@H](B(c2c(c(c(c(c2F)F)F)F)F)c2c(c(c(c(c2F)F)F)F)F)[C@H]2CC[C@@H]1C2)(c1c(cc(cc1C)C)C)c1c(cc(cc1C)C)C,,16,-146.59538498,-9.5303,-9.0238,0.50650644,8.709109420948728,4.848513037791501,7.296486445372661
data\raw\xyz\17\17.xyz,17.xyz,[C@H]12CCCC[C@@H]1[B](c1c(F)c(F)c(F)c(F)c1F)(c1c(F)c(F)c(F)c(F)c1F)[P]2(c1c(cc(cc1C)C)C)c1c(cc(cc1C)C)C,,17,-144.47357345,-10.6134,-7.6657,2.94770001,4.6948709980701775,5.066001230873813,8.567445618705385
data\raw\xyz\18\18.xyz,18.xyz,[C@@H]12[C@H](CCC1)[B](c1c(F)c(F)c(F)c(F)c1F)(c1c(F)c(F)c(F)c(F)c1F)[P]2(c1c(cc(cc1C)C)C)c1c(cc(cc1C)C)C,,18,-141.29364451,-10.5891,-7.7391,2.8499964,9.015251082591982,3.822470069103362,8.484821229830548
data\raw\xyz\19\19.xyz,19.xyz,B(n1nc(cc1C(C)(C)C)C(C)(C)C)(c1c(F)c(F)c(F)c(F)c1F)c1c(F)c(F)c(F)c(F)c1F,,19,-113.3408668,-11.0093,-9.0086,2.00068168,7.476307319185722,3.990672277604786,6.505628684181144
data\raw\xyz\2\2.xyz,2.xyz,[P]1(CC[B]1(c1c(c(c(c(c1F)F)F)F)F)c1c(c(c(c(c1F)F)F)F)F)(c1c(cc(cc1C)C)C)c1c(cc(cc1C)C)C,,2,-132.83348905,-10.5833,-7.81,2.77337404,4.210480074310479,4.829189874527114,8.500433260491858
data\raw\xyz\20\20.xyz,20.xyz,C(C(=[B](c1c(F)c(F)c(F)c(F)c1F)c1c(F)c(F)c(F)c(F)c1F)[CH]C)P(c1c(cc(cc1C)C)C)c1c(cc(cc1C)C)C,,20,-138.09727165,-9.7591,-8.8779,0.88120492,9.808339085559492,2.6898527551297517,8.203479681851794
data\raw\xyz\21\21.xyz,21.xyz,C1/C(=C\[Si](C)(C)C)/[B](c2c(F)c(F)c(F)c(F)c2F)(c2c(F)c(F)c(F)c(F)c2F)[P]1(c1c(cc(cc1C)C)C)c1c(cc(cc1C)C)C,,21,-147.16412076,-10.2538,-7.7855,2.46827295,7.412289799234376,4.53338602083786,8.976796691945301
data\raw\xyz\22\22.xyz,22.xyz,[B]1(CCC[P@@]1(CCCB(c1c(c(c(c(c1F)F)F)F)F)c1c(c(c(c(c1F)F)F)F)F)c1ccccc1)(c1c(c(c(c(c1F)F)F)F)F)c1c(c(c(c(c1F)F)F)F)F,,22,-185.31655922,-11.2135,-9.659,1.55447754,11.096746248470618,4.182504890684978,7.279077416117428
data\raw\xyz\23\23.xyz,23.xyz,[P@]1(CCC[B]1(c1c(F)c(F)c(F)c(F)c1F)c1c(F)c(F)c(F)c(F)c1F)(CCCB(c1c(F)c(F)c(F)c(F)c1F)c1c(F)c(F)c(F)c(F)c1F)C(C)(C)C,,23,-183.08241798,-11.1479,-9.6568,1.49106693,7.051499258983082,4.690783562020723,11.520913533672273
data\raw\xyz\24\24.xyz,24.xyz,Fc1c(c(F)c(F)c(F)c1F)[B]1([N](CCC1)(C)c1ccccc1)c1c(F)c(F)c(F)c(F)c1F,,24,-105.69338714,-11.4227,-7.8015,3.62120263,5.899000023095518,1.8298752905867333,8.033481914161044
data\raw\xyz\25\25.xyz,25.xyz,Fc1c(c(F)c(F)c(F)c1F)[B]1([N](CCC1)(CCCB(c1c(F)c(F)c(F)c(F)c1F)c1c(F)c(F)c(F)c(F)c1F)c1ccccc1)c1c(F)c(F)c(F)c(F)c1F,,25,-185.70322303,-11.5172,-9.7217,1.79553934,5.89189245036418,4.727055537471205,11.81618538347484
data\raw\xyz\26\26.xyz,26.xyz,[P]1(CCC[B]1(c1c(F)c(F)c(F)c(F)c1F)c1c(F)c(F)c(F)c(F)c1F)(c1c(C)cc(C)cc1C)c1c(C)cc(C)cc1C,,26,-136.01091677,-10.7008,-7.4579,3.24290722,4.645975292273205,5.005393636039537,8.366522660710253
data\raw\xyz\27\27.xyz,27.xyz,[P]1([C@@H](C[B]1(c1c(F)c(F)c(F)c(F)c1F)c1c(F)c(F)c(F)c(F)c1F)C)(c1c(C)cc(C)cc1C)c1c(C)cc(C)cc1C,,27,-135.99180226,-10.5962,-7.6099,2.98630014,5.100055163650071,4.870579122292117,8.686904353793896
data\raw\xyz\28\28.xyz,28.xyz,[P]1([C@H](C[B]1(c1c(c(c(c(c1F)F)F)F)F)c1c(c(c(c(c1F)F)F)F)F)c1ccccc1)(c1c(cc(cc1C)C)C)c1c(cc(cc1C)C)C,,28,-147.7056713,-10.6574,-7.5505,3.10682904,6.010453250810605,4.778511383840054,8.481912372516497
data\raw\xyz\29\29.xyz,29.xyz,[P]1(C[C@H]([B]1(c1c(c(c(c(c1F)F)F)F)F)c1c(c(c(c(c1F)F)F)F)F)[Si](C)(C)C)(c1c(cc(cc1C)C)C)c1c(cc(cc1C)C)C,,29,-145.05143143,-10.2749,-7.5746,2.70027539,7.369153143022071,4.740600594756675,8.480428786532686
data\raw\xyz\3\3.xyz,3.xyz,B(c1ccccc1CN1C(CCCC1(C)C)(C)C)(c1c(F)c(F)c(F)c(F)c1F)c1c(F)c(F)c(F)c(F)c1F,,3,-123.63654062,-9.5642,-9.1438,0.42042224,6.778904383791534,3.2992688365802643,7.7743294408773735
data\raw\xyz\30\30.xyz,30.xyz,[P]1(C[C@H](C[B]1(c1c(F)c(F)c(F)c(F)c1F)c1c(F)c(F)c(F)c(F)c1F)C)(c1c(cc(cc1C)C)C)c1c(cc(cc1C)C)C,,30,-139.1790389,-10.7257,-7.4777,3.24800255,5.942490184548672,4.1478310124889095,7.972495600372727
data\raw\xyz\31\31.xyz,31.xyz,[P]1(CCCC[B]1(c1c(F)c(F)c(F)c(F)c1F)c1c(c(c(c(c1F)F)F)F)F)(c1c(cc(cc1C)C)C)c1c(cc(cc1C)C)C,,31,-139.16844197,-10.6699,-7.4522,3.21774883,5.169547805959372,5.0273276932588855,8.592641127729797
data\raw\xyz\32\32.xyz,32.xyz,[P]1(CC[C@H](C[B]1(c1c(F)c(F)c(F)c(F)c1F)c1c(c(c(c(c1F)F)F)F)F)C)(c1c(cc(cc1C)C)C)c1c(cc(cc1C)C)C,,32,-142.33616188,-10.6462,-7.413,3.23310357,5.506955141668452,5.116710649604132,8.530206183277537
data\raw\xyz\33\33.xyz,33.xyz,B(c1ccccc1CN1[C@@H](C(c2cccc(c12)C(C)C)(C)C)c1ccccc1)(c1c(F)c(F)c(F)c(F)c1F)c1c(F)c(F)c(F)c(F)c1F,,33,-147.10130291,-9.8292,-9.2328,0.59640403,6.919247652278229,3.497707095644279,9.070818993774331
data\raw\xyz\34\34.xyz,34.xyz,B(c1ccccc1CN1C(C[C@H](c2ccc(cc12)C)C)(C)C)(c1c(F)c(F)c(F)c(F)c1F)c1c(F)c(F)c(F)c(F)c1F,,34,-132.21548344,-9.6592,-9.2171,0.4420377,7.253422929643046,3.208332187898572,8.424213182434416
data\raw\xyz\35\35.xyz,35.xyz,B(c1ccccc1CN1C(COCC1(C)C)(C)C)(c1c(F)c(F)c(F)c(F)c1F)c1c(F)c(F)c(F)c(F)c1F,,35,-124.53282334,-9.8945,-9.188,0.7065136,6.897768622475846,3.671448852373727,7.205308200123303
data\raw\xyz\36\36.xyz,36.xyz,B(c1ccccc1CN1C(CCCC1(C)C)(C)C)(c1c(F)c(F)c(F)c(F)c1F)c1c(F)c(F)c(F)c(F)c1F,,36,-123.63554173,-9.6814,-9.0753,0.60607815,6.894152121713852,3.6680378821032154,7.702138966721677
data\raw\xyz\37\37.xyz,37.xyz,B(c1ccccc1CN1[C@@H](C(c2ccccc12)(C)C)c1ccccc1)(c1c(F)c(F)c(F)c(F)c1F)c1c(F)c(F)c(F)c(F)c1F,,37,-137.60036187,-9.9342,-9.1638,0.77045289,6.918618188839172,3.5122868975082606,8.544589643047393
data\raw\xyz\38\38.xyz,38.xyz,B(c1ccccc1CN1C(C)(C)C[C@@H](c2cccc(c12)C(C)C)C)(c1c(F)c(F)c(F)c(F)c1F)c1c(F)c(F)c(F)c(F)c1F,,38,-138.53926613,-9.6454,-9.1688,0.47659703,7.944741227194792,3.389454413142283,8.535069138299432
data\raw\xyz\39\39.xyz,39.xyz,B(c1ccccc1CN1[C@@]2([C@](c3ccccc13)(C)CC[C@H](C2)C(C)C)c1ccccc1)(c1c(F)c(F)c(F)c(F)c1F)c1c(F)c(F)c(F)c(F)c1F,,39,-155.56044695,-9.5713,-9.2256,0.34572973,8.864802295508829,3.490984217986688,8.699610783129739
data\raw\xyz\4\4.xyz,4.xyz,P(B(c1c(F)c(F)c(F)c(F)c1F)c1c(F)c(F)c(F)c(F)c1F)(C1CCCCC1)C1CCCCC1,,4,-113.67619863,-10.3105,-8.3345,1.9759193,7.84982564555232,5.023479815022419,7.366710123401977
data\raw\xyz\40\40.xyz,40.xyz,B(c1ccc2ccccc2c1c1c(ccc2ccccc12)N(C)C(C)C)(c1c(F)c(F)c(F)c(F)c1F)c1c(F)c(F)c(F)c(F)c1F,,40,-139.76485961,-9.6702,-9.0691,0.60114355,9.095296144264575,2.975168009960255,8.009985673894315
data\raw\xyz\41\41.xyz,41.xyz,P1(F)(N(c2c1cccc2)C)(c1ccccc1)c1ccccc1,,41,-59.53026589,-9.3014,-6.9201,2.3812885,3.5310652395375692,3.571697421628933,6.787129021914003
data\raw\xyz\42\42.xyz,42.xyz,C(=C\N1CCN(C)CC1)(/[Si](C)(C)C)\[Al](CC(C)C)CC(C)C,,42,-67.01880356,-9.0994,-5.3425,3.75693379,7.183076499517924,4.027237343485707,6.982273464636464
data\raw\xyz\43\43.xyz,43.xyz,C1=CC(=[N]=C([CH]1)C(C)(C)C)OB(c1c(c(c(c(c1F)F)F)F)F)c1c(c(c(c(c1F)F)F)F)F,,43,-106.64738987,-10.7994,-8.887,1.91239876,11.490356958944728,1.8513835910164667,8.827335156874943
data\raw\xyz\44\44.xyz,44.xyz,o1c2ccccc2ob1c1ccccc1P(c1ccccc1)c1ccccc1,,44,-72.50566722,-9.7769,-6.9573,2.81965915,5.175029436054151,1.9999478197818288,8.504128078598102
data\raw\xyz\45\45.xyz,45.xyz,[P]1([B](C(=C1c1ccc(cc1)C)c1c(F)c(F)c(F)c(F)c1F)(c1c(F)c(F)c(F)c(F)c1F)c1c(F)c(F)c(F)c(F)c1F)(c1ccccc1)c1ccccc1,,45,-166.82614822,-11.0705,-8.2995,2.77097138,7.484609099347722,4.871966198698337,8.250210256979493
data\raw\xyz\5\5.xyz,5.xyz,P(B(c1c(F)c(F)c(F)c(F)c1F)c1c(F)c(F)c(F)c(F)c1F)(C(C)(C)C)C(C)(C)C,,5,-103.02498364,-10.0821,-7.9237,2.15840365,7.6118877405674645,3.605349078424254,7.696700949029673
data\raw\xyz\51\51.xyz,51.xyz,C(CBc1c(cc(cc1C(F)(F)F)C(F)(F)F)C(F)(F)F)P(c1c(cc(cc1C)C)C)c1c(cc(cc1C)C)C,,51,-123.26103175,-9.3793,-8.4246,0.95474688,10.579246724834478,3.0433003932423768,8.712377359436262
data\raw\xyz\52\52.xyz,52.xyz,C1CC[B]([N@]21[C@H](CCC[C@@H]2C)C)(c1c(F)c(F)c(F)c(F)c1F)c1c(F)c(F)c(F)c(F)c1F,,52,-108.78397141,-11.2654,-7.6746,3.59075817,5.597500991551598,1.8413359653164179,9.198822396920098
data\raw\xyz\53\53.xyz,53.xyz,N1([CH][C@@H]([BH](c2c(F)c(F)c(F)c(F)c2F)c2c(F)c(F)c(F)c(F)c2F)C)C(CCCC1(C)C)(C)C,,53,-115.08546425,-10.8579,-8.1672,2.69073206,10.589447808153404,3.435270099527354,7.1950761602719675
data\raw\xyz\54\54.xyz,54.xyz,C(CB(c1c(F)c(F)c(F)c(F)c1F)c1c(F)c(F)c(F)c(F)c1F)P(CCB(c1c(F)c(F)c(F)c(F)c1F)c1c(F)c(F)c(F)c(F)c1F)c1c(cc(cc1C)C)C,,54,-188.44755438,-10.3727,-9.3831,0.98962875,7.455361082996534,2.198883576978358,9.455320987516128
data\raw\xyz\55\55.xyz,55.xyz,c1(ccccc1CN1C(CCCC1(C)C)(C)C)B1[C@@H]2CCC[C@H]1CCC2,,55,-74.94610846,-9.0602,-6.5963,2.46389337,4.73126699373061,2.6267579772392415,5.879832568894884
data\raw\xyz\56\56.xyz,56.xyz,C[C@H]1B2[C@@H](C)[C@H]3C[C@@H]1C[C@H](C3)C1=C2N2[C@H]([C@H]3C[C@@H]([C@H]2C)C[C@@H]1C3)C,,56,-68.66175015,-8.7144,-6.0811,2.6333268,5.9588,1.7,9.288595762072381
data\raw\xyz\57\57.xyz,57.xyz,[C@@H]12C[C@@H]3C[N@@](C[C@H](C1)C3)[C@@H]2c1cccc([C@]2([C@@]3(C([C@@]4(C(B2C([C@](C3(F)F)(C4(F)F)F)(F)F)(F)F)F)(F)F)F)F)c1,,57,-130.96953079,-10.4579,-10.3213,0.1366053,10.181376317578279,2.8863895115218985,9.094349297903678
data\raw\xyz\58\58.xyz,58.xyz,[C@@H]1(CC[C@@H]([P]1=[B](C(F)(F)F)C(F)(F)F)C)C,,58,-55.40347254,-10.6156,-7.4118,3.2038031,5.86564759160092,3.0166794583558896,6.250028591219633
data\raw\xyz\59\59.xyz,59.xyz,[C@@H]1(CCCCN1)B(c1c(cccc1C)C)c1c(cccc1C)C,,59,-63.38727018,-9.2875,-7.0506,2.23684716,4.897413707414799,3.58985624849792,7.127419192981501
data\raw\xyz\6\6.xyz,6.xyz,,OpenBabel produced no output,6,,,,,,,
data\raw\xyz\60\60.xyz,60.xyz,C12=NC(CCN1C=C1N2B(C(CC1)(C)C)C)(C)C,,60,-52.3169924,-8.9959,-5.8544,3.1414717,5.847519224629648,2.863812578723925,5.319326326922912
data\raw\xyz\61\61.xyz,61.xyz,C1=C2N(C3=NC(CCN13)(C)C)B1[C@@]3(CCC[C@H]1CCC3)CC2,,61,-62.9409365,-9.0423,-5.913,3.12928134,8.05870386749353,2.6699178230453198,7.174637239888888
data\raw\xyz\62\62.xyz,62.xyz,[C@@H]1(P(CCB1c1c(c(c(c(c1F)F)F)F)F)c1ccccc1)C,,62,-68.25072678,-10.1108,-8.337,1.77382362,4.898989876756799,2.6131599442219375,8.042750438970906
data\raw\xyz\63\63.xyz,63.xyz,P(OB(c1c(F)c(F)c(F)c(F)c1F)c1c(F)c(F)c(F)c(F)c1F)(c1c(cc(cc1C)C)C)c1c(cc(cc1C)C)C,,63,-130.65329135,-10.188,-8.6229,1.56507934,9.456493921242817,3.4824177623144585,7.846153592669237
data\raw\xyz\64\64.xyz,64.xyz,c1(cccc(c1[P@]12CC[C@H](C1)[B]2(c1c(F)c(F)c(F)c(F)c1F)c1c(c(F)c(c(c1F)F)F)F)c1c(cc(cc1C)C)C)c1c(cc(cc1C)C)C,,64,-153.04960779,-10.6489,-7.7519,2.89697874,4.689923291287132,4.276330422393281,9.511167409556204
data\raw\xyz\65\65.xyz,65.xyz,[C](/C=[BH]/c1c(cc(cc1C(F)(F)F)C(F)(F)F)C(F)(F)F)([Si](C)(C)C)P(c1c(cc(cc1C)C)C)c1c(cc(cc1C)C)C,,65,-134.43992418,-9.3355,-8.0925,1.24300222,10.605765432238181,3.972999340929684,8.793143788808234
data\raw\xyz\66\66.xyz,66.xyz,B(P(C(C)(C)C)C(C)(C)C)(N(C(C)C)C(C)C)N(C(C)C)C(C)C,,66,-75.93256732,-8.3247,-5.1771,3.14755166,6.341302002976499,3.9429944907938155,5.647728032846281
data\raw\xyz\67\67.xyz,67.xyz,C1(=C([Al]([P]1(c1c(cc(cc1C)C)C)c1c(cc(cc1C)C)C)(C(C)(C)C)C(C)(C)C)CC)CC,,67,-97.56788972,-8.8054,-6.4913,2.31404699,6.532729962009455,2.9745517267758412,8.758539706204136
data\raw\xyz\68\68.xyz,68.xyz,P(C[Si](C(F)(F)C(F)(F)F)(C(F)(F)C(F)(F)F)C(F)(F)C(F)(F)F)(C(C)(C)C)C(C)(C)C,,68,-117.52398629,-10.5005,-7.537,2.96349387,7.656455726853979,3.9525688730418103,5.572507850892161
data\raw\xyz\69\69.xyz,69.xyz,C([Si](F)(F)F)P(C(C)(C)C)C(C)(C)C,,69,-48.09544385,-9.7001,-4.8615,4.83862439,4.420474809969665,2.237344104872828,5.955211170524342
data\raw\xyz\7\7.xyz,7.xyz,B(c1ccccc1N(c1ccccc1)c1ccccc1)(c1c(F)c(F)c(F)c(F)c1F)c1c(F)c(F)c(F)c(F)c1F,,7,-122.79748172,-9.9023,-9.3525,0.54976877,6.943358775441975,3.0627804538594607,7.980205186718713
data\raw\xyz\70\70.xyz,70.xyz,C([Si](Cl)(Cl)Cl)P(C(C)(C)C)C(C)(C)C,,70,-47.48733379,-9.7145,-5.5677,4.1467711,4.943236042500648,2.7715962396307177,5.883596195773205
data\raw\xyz\71\71.xyz,71.xyz,C(P(C(C)(C)C)C(C)(C)C)B(c1ccccc1)c1ccccc1,,71,-63.97829315,-9.3791,-7.2866,2.09255877,5.906178355456732,3.6997370831548735,7.469444485841869
data\raw\xyz\72\72.xyz,72.xyz,C(P(C(C)(C)C)C(C)(C)C)B(c1cc(cc(c1)C(F)(F)F)C(F)(F)F)c1cc(cc(c1)C(F)(F)F)C(F)(F)F,,72,-127.37846812,-10.1766,-8.9593,1.21736057,5.905800433883847,4.209674836639206,8.499057347555048
data\raw\xyz\73\73.xyz,73.xyz,[N]1([B](C[C@H]1c1ccccc1)(c1c(F)c(F)c(F)c(F)c1F)c1c(F)c(F)c(F)c(F)c1F)(CC)CC,,73,-112.00973668,-11.349,-7.8649,3.48416694,7.347150794653489,4.793296505180167,6.836664105241096
data\raw\xyz\74\74.xyz,74.xyz,[N]12([B](C[C@H]1c1ccccc1)(c1c(F)c(F)c(F)c(F)c1F)c1c(F)c(F)c(F)c(F)c1F)CCCCC2,,74,-114.17195322,-11.3853,-7.8129,3.57242258,7.70054944391884,3.4175578671175324,7.179342661514601
data\raw\xyz\75\75.xyz,75.xyz,[N]12([B](C([C@H]1c1ccccc1)(C)C)(c1c(F)c(F)c(F)c(F)c1F)c1c(F)c(F)c(F)c(F)c1F)CCCCC2,,75,-120.49095675,-11.0323,-7.7733,3.25895781,7.971425761849476,4.215068067881296,7.122303308096345
data\raw\xyz\76\76.xyz,76.xyz,[N]12([B]([C@H]3[C@H]1CCCC3)(c1c(F)c(F)c(F)c(F)c1F)c1c(F)c(F)c(F)c(F)c1F)CCCCC2,,76,-110.93240462,-11.0581,-7.8607,3.19744768,7.737556404355226,4.441826202649013,6.651138266970768
data\raw\xyz\77\77.xyz,77.xyz,[B]1([C@H]2[C@@H](CCCC2)[N]21CCCC2)(c1c(F)c(F)c(F)c(F)c1F)c1c(F)c(F)c(F)c(F)c1F,,77,-107.76761751,-11.0424,-7.8087,3.2336127,6.480931340373143,4.332485666038423,6.81193787168722
data\raw\xyz\78\78.xyz,78.xyz,c12c(cccc1)[C@H](C[C@@H]2P(c1c(cc(cc1C)C)C)c1c(cc(cc1C)C)C)B(c1c(c(c(c(c1F)F)F)F)F)c1c(c(c(c(c1F)F)F)F)F,,78,-149.84546366,-9.6258,-9.025,0.60079863,9.682203539623146,4.012831392485265,9.056829502558832
data\raw\xyz\79\79.xyz,79.xyz,c1cc(c2c(c1)c1c(c(ccc1)B(c1c(c(c(c(c1F)F)F)F)F)c1c(c(c(c(c1F)F)F)F)F)o2)P(c1c(cc(cc1C)C)C)c1c(cc(cc1C)C)C,,79,-159.35319773,-9.6351,-9.117,0.51811683,9.75050706886183,4.274251857332091,13.222385593543969
data\raw\xyz\8\8.xyz,8.xyz,[B]1(c2ccccc2[N]1(C)C)(c1c(F)c(F)c(F)c(F)c1F)c1c(F)c(F)c(F)c(F)c1F,,8,-99.35056294,-11.3693,-7.9282,3.44104358,6.444246162603882,4.166952762449035,6.738838506961744
data\raw\xyz\80\80.xyz,80.xyz,c1c(c2c(cc1)C(c1c(c(ccc1)B(c1c(c(c(c(c1F)F)F)F)F)c1c(c(c(c(c1F)F)F)F)F)O2)(C)C)P(c1c(cc(cc1C)C)C)c1c(cc(cc1C)C)C,,80,-168.84801275,-9.5886,-9.05,0.53867965,11.397432144540145,4.762271830067683,8.219275418742729
data\raw\xyz\81\81.xyz,81.xyz,c1c(c2c(cc1)C(c1c(c(ccc1)B(c1c(c(c(c(c1F)F)F)F)F)c1c(c(c(c(c1F)F)F)F)F)O2)(C)C)P(C(C)C)C(C)C,,81,-139.0503586,-10.0004,-9.0458,0.95451526,13.394314032194643,4.436043212633512,6.865614588681163
data\raw\xyz\83\83.xyz,83.xyz,P(c1c2Oc3c(B(c4c(F)c(F)c(F)c(c4F)F)c4c(c(c(c(c4F)F)F)F)F)cccc3C(c2ccc1)(C)C)(c1ccccc1)c1ccccc1,,83,-149.8319765,-10.1205,-9.0917,1.02874938,8.029067593757187,4.267730047918695,10.27178308884619
data\raw\xyz\84\84.xyz,84.xyz,[P]1([B](C2=C[C@@H]([C@@H]3C(=C12)CCCC3)c1ccccc1)(c1c(F)c(F)c(F)c(F)c1F)c1c(F)c(F)c(F)c(F)c1F)(c1c(cc(cc1C)C)C)c1c(cc(cc1C)C)C,,84,-168.93134305,-10.1118,-7.6901,2.42173404,8.58005135628923,5.07128781709145,9.291632109346754
data\raw\xyz\85\85.xyz,85.xyz,[P]1([B](c2c1c1c(c(c2)c2ccccc2)CCCC1)(c1c(F)c(F)c(F)c(F)c1F)c1c(F)c(F)c(F)c(F)c1F)(c1c(cc(cc1C)C)C)c1c(cc(cc1C)C)C,,85,-167.93757692,-10.4393,-7.724,2.71534901,8.020527428318417,5.005302075932031,9.44081016202387
data\raw\xyz\86\86.xyz,86.xyz,[P]1(c2c(cc(cc2C)C(C)(C)C)[B]1(c1c(c(c(c(c1F)F)F)F)F)c1c(c(c(c(c1F)F)F)F)F)(c1c(cc(cc1C)C)C)c1c(cc(cc1C)C)C,,86,-157.22687395,-10.4527,-7.8038,2.64890072,9.130139114595849,4.908113717533563,8.600881595025832
data\raw\xyz\87\87.xyz,87.xyz,[P]1(c2c(cc(cc2C)c2ccccc2)[B]1(c1c(c(c(c(c1F)F)F)F)F)c1c(c(c(c(c1F)F)F)F)F)(c1c(cc(cc1C)C)C)c1c(cc(cc1C)C)C,,87,-159.44794289,-10.4472,-7.843,2.60424143,10.937916136753653,4.912721459505935,8.600744934972294
data\raw\xyz\88\88.xyz,88.xyz,P(c1c(cc(cc1C)C)C)(c1c(cc(cc1C)C)C)/C(=C/c1ccccc1)/[Al](C(C)(C)C)C(C)(C)C,,88,-99.7881978,-9.0981,-6.8657,2.2323875,8.264137131145196,3.119162990720141,8.683663025106801
data\raw\xyz\89\89.xyz,89.xyz,C(=C\c1ccccc1)(/P(c1c(C)cc(C)cc1C)c1c(C)cc(C)cc1C)\[Al](CC(C)(C)C)CC(C)(C)C,,89,-106.14230692,-9.1437,-6.5645,2.57923559,6.133874490946793,4.684394306846425,8.332709909917915
data\raw\xyz\9\9.xyz,9.xyz,c1(ccccc1N1C(CCCC1(C)C)(C)C)B(c1c(F)c(F)c(F)c(F)c1F)c1c(c(c(c(c1F)F)F)F)F,,9,-120.48356587,-9.7554,-9.1335,0.6219049,4.7093686343220424,4.765744036360777,8.13267224701287
data\raw\xyz\90\90.xyz,90.xyz,[Al](C([Si](C)(C)C)[Si](C)(C)C)(C([Si](C)(C)C)[Si](C)(C)C)/C(=C/C(C)(C)C)/Pc1c(C)cc(C)cc1C,,90,-103.07930696,-9.148,-6.1436,3.00435621,6.686226460617261,5.089084335437425,7.7264191417461365
data\raw\xyz\91\91.xyz,91.xyz,[Al](C([Si](C)(C)C)[Si](C)(C)C)(C([Si](C)(C)C)[Si](C)(C)C)[C](PC([Si](C)(C)C)[Si](C)(C)C)[CH]C(C)(C)C,,91,-106.28602118,-8.9164,-5.7049,3.21147262,6.661960691312954,5.013556899263719,7.574158531830463
data\raw\xyz\94\94.xyz,94.xyz,S(c1ccc(cc1)C)/C(=C\C(C)(C)C)/B(c1c(F)c(F)c(F)c(F)c1F)c1c(F)c(F)c(F)c(F)c1F,,94,-113.9399937,-10.1523,-9.2534,0.89891581,9.519793023783942,2.7683966209165236,7.6629354918267
data\raw\xyz\95\95.xyz,95.xyz,P(/C(=C\C(C)(C)C)/B(c1c(c(c(c(c1F)F)F)F)F)c1c(c(c(c(c1F)F)F)F)F)c1c(C)cc(C)cc1C,,95,-120.05475142,-10.1862,-9.0872,1.09902629,9.736787237236854,3.980038229956782,7.884768792063973
data\raw\xyz\96\96.xyz,96.xyz,P(c1c(c(c(c(c1F)F)F)F)F)(c1c(c(c(c(c1F)F)F)F)F)/C(=C\c1ccccc1)/B(c1c(c(c(c(c1F)F)F)F)F)c1c(c(c(c(c1F)F)F)F)F,,96,-169.8313017,-11.6316,-9.711,1.92062019,7.792584437437471,4.092421076532493,8.346183379728625
data\raw\xyz\97\97.xyz,97.xyz,N1(C2=NCCCN2CCC1)B1[C@H]2CCC[C@@H]1CCC2,,97,-55.46717235,-9.4139,-5.3254,4.08852476,5.986477063348671,3.071171644655143,5.508521647945303
data\raw\xyz\98\98.xyz,98.xyz,[N@@]12[C]3[N@](CCC[N@]3[B]2(C2CCCCC2)C2CCCCC2)CCC1,,98,-68.15159935,-9.3531,-4.5855,4.76755411,5.819631071264236,3.4117008353162297,6.746015341601256
data\raw\xyz\99\99.xyz,99.xyz,Cl[Si]1([N@@]2[C]3[N@]1CCC[N@@]3CCC2)(C)C,,99,-43.61219553,-9.7971,-5.0451,4.75193966,8.89784745070205,2.7467254447837703,6.2854453247018025
